section,Body,Image,Radius,Volume,Mass,Surface area,Density,Gravity,Type,Discovery,Radius ( km ),Mass (10 18 kg),Density (g/cm 3 ),Refs r Â· M,Mass ( 10 18 kg ),Mass ( 10 15 kg ),Type â€“ notes,Radius ( m ),Mass ( 10 9 kg )
Objects_with_radii_over_400_km,( km ),,( 10 9 km 3 ),( V ðŸœ¨ ),( 10 21 kg),( M ðŸœ¨ ),(10 6 km 2 ),ðŸœ¨,(g/cm 3 ),(m/s 2 ),,,,,,,,,
Objects_with_radii_over_400_km,Sun,wikipedia_images\120px-The_Sun_in_white_light.jpg,695 700 Â± ?,109.2,"1,409,300,000","1,301,000",1 989 100 000,"333,000","6,078,700","11,918",,,,,,,,,
Objects_with_radii_over_400_km,Jupiter,wikipedia_images\120px-Jupiter_OPAL_2024.png,69 911 Â± 6,10.97,"1,431,280","1,321",1 898 187 Â± 88,317.83,"61,419",120.41,,,,,,,,,
Objects_with_radii_over_400_km,Saturn,wikipedia_images\120px-Saturn_square_crop.jpg,58 232 Â± 6 ( 136 775 for A Ring ),9.140,"827,130",764,568 317 Â± 13,95.162,"42,612",83.54,,,,,,,,,
Objects_with_radii_over_400_km,Uranus,wikipedia_images\120px-Uranus_Voyager2_color_calibrated.png,25 362 Â± 7,3.981,"68,340",63.1,86 813 Â± 4,14.536,8083.1,15.85,,,,,,,,,
Objects_with_radii_over_400_km,Neptune,wikipedia_images\120px-Neptune_Voyager2_color_calibrated.png,24 622 Â± 19,3.865,"62,540",57.7,102 413 Â± 5,17.147,7618.3,14.94,,,,,,,,,
Objects_with_radii_over_400_km,Earth,wikipedia_images\120px-The_Blue_Marble_%28remastered%29.jpg,6 371 .0084 Â± 0.0001,1,"1,083.21",1,5 972 .4 Â± 0.3,1,510.06447,1,,,,,,,,,
Objects_with_radii_over_400_km,Venus,wikipedia_images\120px-Venus_2_Approach_Image.jpg,6 051 .8 Â± 1.0,0.9499,928.43,0.857,4 867 .5 Â± 0.2,0.815,460.2,0.903,,,,,,,,,
Objects_with_radii_over_400_km,Mars,wikipedia_images\120px-Mars_-_August_30_2021_-_Flickr_-_Kevin_M._Gill.png,3 389 .5 Â± 0.2,0.5320,163.18,0.151,641.71 Â± 0.03,0.107,144.37,0.283,,,,,,,,,
Objects_with_radii_over_400_km,Ganymede Jupiter III,wikipedia_images\120px-Ganymede_JunoGill_2217.jpg,2 634 .1 Â± 0.3,0.4135,76.30,0.0704,148.2,0.0248,86.999,0.171,,,,,,,,,
Objects_with_radii_over_400_km,Titan Saturn VI,wikipedia_images\120px-Titan_in_true_color.jpg,2 574 .73 Â± 0.09,0.4037,71.50,0.0658,134.5,0.0225,83.3054,0.163,,,,,,,,,
Objects_with_radii_over_400_km,Mercury,wikipedia_images\120px-Mercury_in_true_color.jpg,2 439 .7 Â± 1.0,0.3829,60.83,0.0562,330.11 Â± 0.02,0.0553,74.797,0.147,,,,,,,,,
Objects_with_radii_over_400_km,Callisto Jupiter IV,wikipedia_images\120px-Callisto_-_July_8_1979_%2838926064465%29.jpg,2 410 .3 Â± 1.5,0.3783,58.65,0.0541,107.6,0.018,73.005,0.143,,,,,,,,,
Objects_with_radii_over_400_km,Io Jupiter I,wikipedia_images\120px-Io_highest_resolution_true_color.jpg,1 821 .6 Â± 0.5,0.2859,25.32,0.0234,89.32,0.015,41.698,0.082,,,,,,,,,
Objects_with_radii_over_400_km,Moon Earth I,wikipedia_images\120px-FullMoon2010.jpg,1 737 .4 Â± 0.1,0.2727,21.958,0.0203,73.46,0.0123,37.937,0.074,,,,,,,,,
Objects_with_radii_over_400_km,Europa Jupiter II,wikipedia_images\120px-Europa_in_natural_color.png,1 560 .8 Â± 0.5,0.2450,15.93,0.0147,48.00,0.008035,30.613,0.06,,,,,,,,,
Objects_with_radii_over_400_km,Triton Neptune I,wikipedia_images\120px-Triton.usgs23.png,1 353 .4 Â± 0.9,0.2124,10.38,0.0096,21.39 Â± 0.03,0.003599,23.018,0.045,,,,,,,,,
Objects_with_radii_over_400_km,Pluto 134340,wikipedia_images\120px-Pluto_in_True_Color_-_High-Res.jpg,1 188 .3 Â± 0.8,0.187,7.057,0.00651,13.03 Â± 0.03,0.0022,17.79,0.034,,,,,,,,,
Objects_with_radii_over_400_km,Eris 136199,wikipedia_images\120px-Eris_and_dysnomia2.jpg,1 163 Â± 6,0.1825,6.59,0.0061,16.6 Â± 0.2,0.0028,17,0.033,,,,,,,,,
Objects_with_radii_over_400_km,Haumea 136108,wikipedia_images\120px-Haumea_Hubble.png,798 Â± 6 to 816,0.12,1.98,0.0018,4.01 Â± 0.04,0.00066,8.14,0.016,,,,,,,,,
Objects_with_radii_over_400_km,Titania Uranus III,wikipedia_images\120px-Titania_%28moon%29_color%2C_cropped.jpg,788.9 Â± 1.8,0.1237,2.06,0.0019,3.40 Â± 0.06,0.00059,7.82,0.015,,,,,,,,,
Objects_with_radii_over_400_km,Rhea Saturn V,wikipedia_images\120px-Rhea_hi-res_PIA07763.jpg,763.8 Â± 1.0,0.1199,1.87,0.0017,2.307,0.00039,7.34,0.014,,,,,,,,,
Objects_with_radii_over_400_km,Oberon Uranus IV,wikipedia_images\120px-Oberon_in_true_color_by_Kevin_M._Gill.jpg,761.4 Â± 2.6,0.1195,1.85,0.0017,3.08 Â± 0.09,0.0005,7.285,0.014,,,,,,,,,
Objects_with_radii_over_400_km,Iapetus Saturn VIII,wikipedia_images\120px-Iapetus_706_1419_1.jpg,735.6 Â± 1.5,0.1153,1.66,0.0015,1.806,0.00033,6.8,0.013,,,,,,,,,
Objects_with_radii_over_400_km,Makemake 136472,wikipedia_images\120px-Makemake_moon_Hubble_image_with_legend_%28cropped%29.jpg,715 +19 âˆ’11,0.112,1.53,0.0014,â‰ˆ 3.1,0.00053,6.4,0.013,,,,,,,,,
Objects_with_radii_over_400_km,Gonggong 225088,wikipedia_images\120px-225088_Gonggong_and_Xiangliu_by_Hubble_%282010%29.png,615 Â± 25,0.0983,1.03,0.0009,1.75 Â± 0.07,0.00029,4.753,0.009,,,,,,,,,
Objects_with_radii_over_400_km,Charon Pluto I,wikipedia_images\120px-Charon_in_True_Color_-_High-Res.jpg,606.0 Â± 0.5,0.0951,0.932,0.0009,1.586 Â± 0.015,0.00025,4.578,0.009,,,,,,,,,
Objects_with_radii_over_400_km,Umbriel Uranus II,wikipedia_images\120px-PIA00040_Umbrielx2.47.jpg,584.7 Â± 2.8,0.0918,0.837,0.0008,1.28 Â± 0.03,0.00020,4.3,0.008,,,,,,,,,
Objects_with_radii_over_400_km,Ariel Uranus I,wikipedia_images\120px-Ariel_in_monochrome.jpg,578.9 Â± 0.6,0.0909,0.813,0.0007,1.25 Â± 0.02,0.000226,4.211,0.008,,,,,,,,,
Objects_with_radii_over_400_km,Dione Saturn IV,wikipedia_images\120px-Dione_in_natural_light.jpg,561.7 Â± 0.45,0.0881,0.741,0.0007,1.095,0.000183,3.965,0.008,,,,,,,,,
Objects_with_radii_over_400_km,Quaoar 50000,wikipedia_images\120px-Quaoar-weywot_hst.jpg,543 Â± 2,0.0879,0.737,0.0007,1.20 Â± 0.05,0.0002,3.83,0.008,,,,,,,,,
Objects_with_radii_over_400_km,Tethys Saturn III,wikipedia_images\120px-PIA18317-SaturnMoon-Tethys-Cassini-20150411.jpg,533.0 Â± 0.7,0.0834,0.624,0.0006,0.617,0.000103,3.57,0.007,,,,,,,,,
Objects_with_radii_over_400_km,Ceres 1,wikipedia_images\120px-Ceres_-_RC3_-_Haulani_Crater_%2822381131691%29_%28cropped%29.jpg,469.7 Â± 0.1,0.0742,0.433,0.0004,0.938,0.000157,2.85,0.006,,,,,,,,,
Objects_with_radii_over_400_km,Orcus 90482,wikipedia_images\120px-Orcus-vanth_hst2.jpg,455 +25 âˆ’20,0.0719,0.404,0.0004,0.548 Â± 0.010,0.000092,,,,,,,,,,,
Objects_with_radii_over_400_km,Sedna 90377,wikipedia_images\120px-Sedna_PRC2004-14d.jpg,453 +157 âˆ’129,0.0785,0.516,0.0005,,,,,,,,,,,,,
Objects_with_radii_over_400_km,Salacia 120347,wikipedia_images\120px-Salacia_Hubble.png,423 Â± 11,0.0664,0.373,0.0003,0.492 Â± 0.007,0.000082,,,,,,,,,,,
Objects_with_radii_over_400_km,star giant planet terrestrial planet presumed dwarf planet moon of Earth moon of Jupiter moon of Saturn moon of Uranus moon of Neptune moon of Pluto,,,,,,,,,,,,,,,,,,
From_200_to_399_km,MÃ¡ni 307261,wikipedia_images\120px-2002_MS4_Hubble_8x_upscale.png,,,,,,,cubewano,,398 Â± 12,â€“,â€“,,,,,,
From_200_to_399_km,Achlys 208996,wikipedia_images\60px-2003AZ84_Hubble_small.png,,,,,,,plutino ; binary,,386 Â± 6 (assuming HE),210 (assuming HE),0.87 (assuming HE),,,,,,
From_200_to_399_km,Aya 55565,wikipedia_images\120px-2002_AW197_Hubble_8x_upscale.png,,,,,,,cubewano,,384 Â± 19,â€“,â€“,,,,,,
From_200_to_399_km,Varda 174567,wikipedia_images\60px-Varda-ilmare_hst.jpg,,,,,,,cubewano ; binary,,370 Â± 7,245 Â± 6,1.23 Â± 0.04,Â·,,,,,
From_200_to_399_km,2013 FY 27 532037,wikipedia_images\2013_FY27_small.png,,,,,,,SDO ; binary,,370 Â± 40,â€“,â€“,,,,,,
From_200_to_399_km,2017 OF 201,wikipedia_images\120px-2017_OF201_CFHT_2011-08-31_annotated.gif,,,,,,,eTNO,,â‰ˆ 368,â€“,â€“,,,,,,
From_200_to_399_km,2021 DR 15,wikipedia_images\120px-2021_DR15_DECam_2013-04-30_crop.png,,,,,,,SDO,,â‰ˆ 358,â€“,â€“,,,,,,
From_200_to_399_km,Ixion 28978,wikipedia_images\60px-28978-ixion_hst.jpg,,,,,,,plutino,,354.8 Â± 0.1,â€“,â€“,,,,,,
From_200_to_399_km,2004 GV 9 90568,wikipedia_images\60px-2004-gv9_hst.jpg,,,,,,,cubewano,,340 Â± 17,â€“,â€“,,,,,,
From_200_to_399_km,Ritona 145452,wikipedia_images\60px-2005-rn43_hst.jpg,,,,,,,cubewano,,340 +28 âˆ’37,â€“,â€“,,,,,,
From_200_to_399_km,2002 UX 25 55637,wikipedia_images\60px-20131105_2002_UX25_hst.png,,,,,,,cubewano; binary,,332 Â± 15,125 Â± 3,0.82 Â± 0.11,Â·,,,,,
From_200_to_399_km,Varuna 20000,wikipedia_images\60px-20000-varuna_hst.jpg,,,,,,,cubewano,,327 +77 âˆ’51,â‰ˆ 160,0.99 +0.09 âˆ’0.02,,,,,,
From_200_to_399_km,2005 RM 43 145451,wikipedia_images\60px-145451-2005rm43.jpg,,,,,,,SDO,,â‰ˆ 322,â€“,â€“,,,,,,
From_200_to_399_km,2010 JO 179 574372,,,,,,,,SDO,,â‰ˆ 322,â€“,â€“,,,,,,
From_200_to_399_km,GÇƒkÃºnÇÊ¼hÃ²mdÃ­mÃ  229762,wikipedia_images\60px-2007_UK126_Hubble_%28crop%29.png,,,,,,,SDO; binary,,321 Â± 14,136.1 Â± 3.3,1.02 Â± 0.17,Â·,,,,,
From_200_to_399_km,2014 UZ 224,wikipedia_images\60px-2014UZ224-ALMA.jpg,,,,,,,SDO,,317.5 +28.5 âˆ’30.5,â€“,â€“,,,,,,
From_200_to_399_km,2008 OG 19 470599,,,,,,,,SDO,,309.5 +28 âˆ’56.5,â€“,0.609 Â± 0.004,Â·,,,,,
From_200_to_399_km,Dysnomia Eris I,wikipedia_images\60px-Eris_and_dysnomia2.jpg,,,,,,,moon of Eris,,307.5 +60 âˆ’50,500,0.7 Â± 0.5,,,,,,
From_200_to_399_km,2007 JJ 43 278361,,,,,,,,cubewano,,305 +85 âˆ’70,â€“,â€“,,,,,,
From_200_to_399_km,2012 VP 113,wikipedia_images\120px-2012_VP113_CFHT_2021-10-09_crop.gif,,,,,,,sednoid,,â‰ˆ 293,â€“,â€“,,,,,,
From_200_to_399_km,2014 EZ 51 523692,wikipedia_images\120px-2014_EZ51_DECam_2017-03-13.png,,,,,,,SDO,,> 288,â€“,â€“,,,,,,
From_200_to_399_km,2002 XW 93 78799,,,,,,,,other TNO,,283 +36 âˆ’37,â€“,â€“,,,,,,
From_200_to_399_km,2004 XR 190 612911,wikipedia_images\60px-2004-xr190_hst.jpg,,,,,,,SDO,,â‰ˆ 278,â€“,â€“,,,,,,
From_200_to_399_km,2002 XV 93 612533,wikipedia_images\60px-2002xv93.jpg,,,,,,,plutino,,275 +11 âˆ’12,â€“,â€“,,,,,,
From_200_to_399_km,2003 UZ 413 455502,wikipedia_images\60px-455502-2003uz413.jpg,,,,,,,plutino,,â‰ˆ 268,â€“,â€“,,,,,,
From_200_to_399_km,2015 RR 245 523794,wikipedia_images\60px-523794-2015rr245_hst.png,,,,,,,resonant KBO (2:9),,â‰ˆ 263,â€“,â€“,,,,,,
From_200_to_399_km,Vesta 4,wikipedia_images\60px-Vesta_in_natural_color.jpg,,,,,,,belt asteroid type V,,262.7 Â± 0.1,259,3.46,Â·,,,,,
From_200_to_399_km,2003 VS 2 84922,wikipedia_images\60px-84922-2003vs2_hst.jpg,,,,,,,plutino,,262 Â± 4,â€“,â€“,,,,,,
From_200_to_399_km,Pallas 2,wikipedia_images\60px-Potw1749a_Pallas_crop.png,,,,,,,belt asteroid type B,,256 Â± 2,204 Â± 3,2.92 Â± 0.08,,,,,,
From_200_to_399_km,2004 TY 364 120348,,,,,,,,cubewano,,256 +19 âˆ’20,â€“,â€“,,,,,,
From_200_to_399_km,Enceladus Saturn II,wikipedia_images\60px-PIA17202-SaturnMoon-Enceladus-ApproachingFlyby-20151028.jpg,,,,,,,moon of Saturn,,252.1 Â± 0.2,108.0 Â± 0.1,1.609 Â± 0.005,Â·,,,,,
From_200_to_399_km,2002 TC 302 84522,wikipedia_images\60px-84522-2002tc302_hst.jpg,,,,,,,resonant SDO (2:5),,250 Â± 7,â€“,â€“,,,,,,
From_200_to_399_km,2005 UQ 513 202421,,,,,,,,cubewano,,249 +32 âˆ’38,â€“,â€“,j,,,,,
From_200_to_399_km,Miranda Uranus V,wikipedia_images\60px-Miranda_mosaic_in_color_-_Voyager_2.png,,,,,,,moon of Uranus,,235.8 Â± 0.7,65.9 Â± 7.5,1.2 Â± 0.15,Â·,,,,,
From_200_to_399_km,Dziewanna 471143,wikipedia_images\60px-471143-dziewanna_hst.jpg,,,,,,,SDO,,235 +18 âˆ’5,â€“,â€“,,,,,,
From_200_to_399_km,2005 TB 190 145480,wikipedia_images\60px-145480-2005tb190_hst.jpg,,,,,,,detached object,,232 Â± 31,â€“,â€“,,,,,,
From_200_to_399_km,1999 DE 9 26375,,,,,,,,resonant SDO (2:5),,231 Â± 23,â€“,â€“,,,,,,
From_200_to_399_km,2003 FY 128 120132,,,,,,,,SDO,,230 Â± 11,â€“,â€“,,,,,,
From_200_to_399_km,2002 VR 128 84719,,,,,,,,plutino,,224 +24 âˆ’22,â€“,â€“,,,,,,
From_200_to_399_km,Vanth Orcus I,wikipedia_images\60px-Orcus-vanth_hst2.jpg,,,,,,,moon of 90482 Orcus,,221 Â± 5,87 Â± 8,1.5 +1.0 âˆ’0.5,Â·,,,,,
From_200_to_399_km,Hygiea 10,wikipedia_images\60px-SPHERE_image_of_Hygiea.jpg,,,,,,,belt asteroid type C,,216 Â± 4,87.4 Â± 6.9,2.06 Â± 0.20,Â·,,,,,
From_200_to_399_km,2004 NT 33 444030,,,,,,,,cubewano,,212 +44 âˆ’40,â€“,â€“,,,,,,
From_200_to_399_km,Proteus Neptune VIII,wikipedia_images\60px-Proteus_%28Voyager_2%29.jpg,,,,,,,moon of Neptune,,210 Â± 7,44,â‰ˆ 1.3,Â·,,,,,
From_200_to_399_km,2005 QU 182 303775,,,,,,,,SDO,,208 Â± 37,â€“,â€“,,,,,,
From_200_to_399_km,Chaos 19521,wikipedia_images\60px-19521-chaos_hst.jpg,,,,,,,cubewano,,208 +42 âˆ’15 equivalent,â€“,â€“,,,,,,
From_200_to_399_km,2002 KX 14 119951,wikipedia_images\60px-119951-2002kx14_hst.jpg,,,,,,,cubewano,,207.5 Â± 0.5,â€“,â€“,,,,,,
From_200_to_399_km,2001 QF 298 469372,wikipedia_images\60px-%28469372%29_2001_QF298_hst.jpg,,,,,,,plutino,,204 +20 âˆ’22,â€“,â€“,,,,,,
From_200_to_399_km,Huya 38628,wikipedia_images\60px-Huya_Hubble.png,,,,,,,plutino ; binary,,203 Â± 8,> 50,> 1.43,Â·,,,,,
From_200_to_399_km,2004 PF 115 175113,,,,,,,,plutino,,203 +49 âˆ’38,â€“,â€“,,,,,,
From_200_to_399_km,Legend: SDO â€“ scattered disc object cubewano â€“ classical Kuiper belt object plutino â€“ 2:3 orbital resonance with Neptune,,,,,,,,,,,,,,,,,,
From_100_to_199_km,2004 UX 10 144897,,,,,,,,plutino,,199 +16.3 âˆ’19.7,,,Â·,â‰ˆ 30,,,,
From_100_to_199_km,1993 SC 15789,,,,,,,,plutino,,199 +55 âˆ’85.5,,,,â‰ˆ 47,,,,
From_100_to_199_km,Mimas Saturn I,wikipedia_images\60px-Mimas_Cassini.jpg,,,,,,,moon of Saturn,,198.2 Â± 0.3,,,Â·,37.49 Â± 0.03,,,,
From_100_to_199_km,1998 SN 165 35671,,,,,,,,cubewano,,196 Â± 20,,,,,,,,
From_100_to_199_km,2001 UR 163 42301,wikipedia_images\60px-42301-2001ur163_hst.jpg,,,,,,,resonant KBO (4:9),,183.5 +51.5 âˆ’98.5,,,,,,,,
From_100_to_199_km,1995 SM 55 24835,,,,,,,,?,,173 (assuming albedo of 0.7),,,cubewano,?,,,,
From_100_to_199_km,2010 ER 65 552555,,,,,,,,SDO,,â‰ˆ 173,,,,â‰ˆ 30,,,,
From_100_to_199_km,2005 CA 79 612931,,,,,,,,resonant KBO (1:2),,â‰ˆ 173,,,,â‰ˆ 60,,,,
From_100_to_199_km,2001 YH 140 126154,,,,,,,,resonant KBO (3:5),,172 Â± 20,,,,â‰ˆ 85,,,,
From_100_to_199_km,2010 ET 65 471137,,,,,,,,SDO,,â‰ˆ 172,,,,â‰ˆ 30,,,,
From_100_to_199_km,1993 FW 181708,,,,,,,,"TNO, second discovered",,170.5,,,,,,,,
From_100_to_199_km,Nereid Neptune II,wikipedia_images\60px-Nereid-Voyager2.jpg,,,,,,,moon of Neptune,,170 Â± 25,,,,,,,,
From_100_to_199_km,1996 TL 66 15874,,,,,,,,SDO,,170 Â± 10,,,,,,,,
From_100_to_199_km,2004 XA 192 230965,,,,,,,,SDO,,170 +60 âˆ’47.5,,,,,,,,
From_100_to_199_km,2002 WC 19 119979,wikipedia_images\60px-2002_WC19.jpg,,,,,,,resonant KBO (1:2) ; binary,,â‰ˆ 169,,,Â·,77 Â± 5,,,,
From_100_to_199_km,Interamnia 704,wikipedia_images\page1-50px-704_Interamnia_VLT_%282021%29%2C_deconvolved.pdf.jpg,,,,,,,belt asteroid type F,,166 Â± 3,,,Â·,35.2 Â± 5.1,,,,
From_100_to_199_km,IlmarÃ« Varda I,wikipedia_images\60px-Varda-ilmare_hst.jpg,,,,,,,moon of 174567 Varda,,163 Â± 18,,,,,,,,
From_100_to_199_km,Europa 52,wikipedia_images\page1-50px-52_Europa_VLT_%282021%29%2C_deconvolved.pdf.jpg,,,,,,,belt asteroid type C,,160 Â± 2,,,,23.9 Â± 3.8,,,,
From_100_to_199_km,HiÊ»iaka Haumea I,wikipedia_images\60px-Haumea_Hubble.png,,,,,,,moon of Haumea,,â‰ˆ 160,,,Â·,17.9 Â± 1.1,,,,
From_100_to_199_km,1999 CD 158 469306,,,,,,,,resonant KBO (4:7),,< 155,,,,â‰ˆ 48,,,,
From_100_to_199_km,2007 OC 10 470316,,,,,,,,SDO,,165 +28 âˆ’27.5,,,,â‰ˆ 30,,,,
From_100_to_199_km,2005 RR 43 145453,,,,,,,,cubewano,,150 Â± 20,,,,â‰ˆ 60,,,,
From_100_to_199_km,Davida 511,wikipedia_images\page1-50px-511_Davida_VLT_%282021%29%2C_deconvolved.pdf.jpg,,,,,,,belt asteroid type C,,149 Â± 2,,,,26.6 Â± 7.3,,,,
From_100_to_199_km,2002 TX 300 55636,wikipedia_images\60px-55636-2002tx300_hst.jpg,,,,,,,cubewano,,143 Â± 5,,,,,,,,
From_100_to_199_km,Actaea Salacia I,wikipedia_images\60px-Salacia_Hubble.png,,,,,,,moon of 120347 Salacia,,143 Â± 12,,,,,,,,
From_100_to_199_km,2003 OP 32 120178,,,,,,,,cubewano,,137 +23.5 âˆ’12.5,,,,â‰ˆ 45,,,,
From_100_to_199_km,Sylvia 87,wikipedia_images\page1-50px-87_Sylvia_VLT_%282021%29%2C_deconvolved.pdf.jpg,,,,,,,outer belt asteroid type X ; trinary,,137 Â± 2,,,,14.3 Â± 0.5,,,,
From_100_to_199_km,Lempo 47171,wikipedia_images\60px-1999TC36-Trujillo-HST.png,,,,,,,plutino ; trinary,,136 Â± 9,,,,,,,,
From_100_to_199_km,Eunomia 15,wikipedia_images\page1-50px-15_Eunomia_VLT_%282021%29%2C_deconvolved.pdf.jpg,,,,,,,belt asteroid type S,,135 Â± 2,,,,30.5 Â± 1.9,,,,
From_100_to_199_km,Hyperion Saturn VII,wikipedia_images\60px-Hyperion_true.jpg,,,,,,,moon of Saturn,,135 Â± 4,,,Â·,5.62 Â± 0.05,,,,
From_100_to_199_km,Euphrosyne 31,wikipedia_images\page1-50px-31_Euphrosyne_VLT_%282021%29%2C_deconvolved.pdf.jpg,,,,,,,belt asteroid type C ; binary,,134 Â± 2,,,,16.5 Â± 2.6,,,,
From_100_to_199_km,1998 SM 165 26308,wikipedia_images\60px-1998SM165-Trujillo-HST.jpg,,,,,,,resonant KBO (1:2),,134 Â± 14,,,Â·,6.87 Â± 1.8,,,,
From_100_to_199_km,Cybele 65,wikipedia_images\60px-000065-asteroid_shape_model_%2865%29_Cybele.png,,,,,,,outer belt asteroid type C,,131.5 Â± 1.5,,,,14.8 Â± 1.8,,,,
From_100_to_199_km,Chariklo 10199,wikipedia_images\60px-10199_Chariklo_Hubble.jpg,,,,,,,centaur ; has rings,,â‰ˆ 130,,,,,,,,
From_100_to_199_km,Juno 3,wikipedia_images\60px-3_Juno_VLT_%282021%29.png,,,,,,,belt asteroid type S,,127 Â± 1,,,,27.0 Â± 2.4,,,,
From_100_to_199_km,Hiisi Lempo II,wikipedia_images\60px-1999TC36-Trujillo-HST.png,,,,,,,secondary of 47171 Lempo,,126 Â± 8,,,,,,,,
From_100_to_199_km,Hektor 624,wikipedia_images\60px-624_Hektor.png,,,,,,,Jupiter trojan ( L 4 ) type D ; binary,,125 Â± 13,,,Â·,7.9 Â± 1.4,,,,
From_100_to_199_km,1998 VG 44 33340,,,,,,,,plutino,,124 +21.5 âˆ’20.5,,,,â‰ˆ 47,,,,
From_100_to_199_km,Sila 79360,wikipedia_images\60px-Sila-nunam.jpg,,,,,,,cubewano ; binary,,124 Â± 15,,,,10.8 Â± 0.22,,,,
From_100_to_199_km,2007 RW 10 309239,,,,,,,,quasi-satellite of Neptune,,124 Â± 15,,,,,,,,
From_100_to_199_km,Altjira 148780,wikipedia_images\60px-148780-altjira-hubble.jpg,,,,,,,cubewano ; binary,,123 +19 âˆ’70,,,,,,,,
From_100_to_199_km,Nunam 79360,wikipedia_images\60px-Sila-nunam.jpg,,,,,,,secondary of 79360 Sila,,118 Â± 15,,,,,,,,
From_100_to_199_km,Bamberga 324,wikipedia_images\60px-Potw1749a_Bamberga_crop.png,,,,,,,belt asteroid type C,,114 Â± 2,,,,10.2 Â± 0.9,,,,
From_100_to_199_km,Patientia 451,,,,,,,,belt asteroid type C,,112.9 Â± 2.3,,,Â·,10.9 Â± 5.3,,,,
From_100_to_199_km,Psyche 16,wikipedia_images\60px-Psyche_VLT.png,,,,,,,belt asteroid type M,,112 Â± 2,,,,26.2 Â± 2.9,,,,
From_100_to_199_km,Ceto 65489,wikipedia_images\60px-Ceto-phorcys_hst.jpg,,,,,,,extended centaur ; binary,,112 Â± 5,,,Â·,5.4 Â± 0.4,,,,
From_100_to_199_km,Herculina 532,wikipedia_images\60px-532Herculina_%28Lightcurve_Inversion%29.png,,,,,,,belt asteroid type S,,111.2 Â± 2.4,,,,,,,,
From_100_to_199_km,S/2007 (148780) 1 Altjira I,wikipedia_images\60px-148780-altjira-hubble.jpg,,,,,,,secondary of 148780 Altjira,,110 +17 âˆ’62,,,,,,,,
From_100_to_199_km,Hesperia 69,wikipedia_images\60px-69Hesperia_%28Lightcurve_Inversion%29.png,,,,,,,belt asteroid type M,,110 Â± 15,,,Â·,5.86 Â± 1.18,,,,
From_100_to_199_km,Thisbe 88,wikipedia_images\page1-50px-88_Thisbe_VLT_%282021%29%2C_deconvolved.pdf.jpg,,,,,,,belt asteroid type B,,109 Â± 2,,,,11.6 Â± 2.2,,,,
From_100_to_199_km,Doris 48,wikipedia_images\page1-50px-48_Doris_VLT_%282021%29%2C_deconvolved.pdf.jpg,,,,,,,belt asteroid type C,,108 Â± 2,,,,6.9 Â± 2.9,,,,
From_100_to_199_km,Chiron 2060 or 95P,wikipedia_images\60px-2060_Chiron_Hubble.jpg,,,,,,,centaur ; has rings,,108 Â± 5,,,,,,,,
From_100_to_199_km,Phoebe Saturn IX,wikipedia_images\60px-Phoebe_cassini.jpg,,,,,,,moon of Saturn,,106.5 Â± 0.7,,,Â·,8.29 Â± 0.01,,,,
From_100_to_199_km,Satellite of (38628) Huya Huya I,wikipedia_images\60px-Huya_Hubble.png,,,,,,,moon of 38628 Huya,,106 Â± 15,,,,,,,,
From_100_to_199_km,Fortuna 19,wikipedia_images\page1-50px-19_Fortuna_VLT_%282021%29%2C_deconvolved.pdf.jpg,,,,,,,belt asteroid type G,,105.5 Â± 1.0,,,,8.8 Â± 1.4,,,,
From_100_to_199_km,Camilla 107,wikipedia_images\60px-107Camilla_%28Lightcurve_Inversion%29.png,,,,,,,outer belt asteroid type C ; trinary,,105 Â± 4,,,Â·,11.2 Â± 0.3,,,,
From_100_to_199_km,Themis 24,wikipedia_images\page1-50px-24_Themis_VLT_%282021%29%2C_deconvolved.pdf.jpg,,,,,,,belt asteroid type C,,104 Â± 2,,,,6.2 Â± 2.9,,,,
From_100_to_199_km,Amphitrite 29,wikipedia_images\60px-Potw1749a_Amphitrite_crop.png,,,,,,,belt asteroid type S,,102 Â± 1,,,,12.7 Â± 2.0,,,,
From_100_to_199_km,Egeria 13,wikipedia_images\page1-50px-13_Egeria_VLT_%282021%29%2C_deconvolved.pdf.jpg,,,,,,,belt asteroid type G,,101 Â± 2,,,,9.2 Â± 2.1,,,,
From_100_to_199_km,Iris 7,wikipedia_images\60px-Iris_asteroid_eso.jpg,,,,,,,belt asteroid type S,,100 Â± 5,,,,13.5 Â± 2.3,,,,
From_100_to_199_km,Legend: centaur â€“ asteroids orbiting between the outer planets Jupiter trojan â€“ asteroids located in Jupiter's L 4 and L 5 Lagrange points,,,,,,,,,,,,,,,,,,
From_50_to_99_km,Elektra 130,wikipedia_images\page1-50px-130_Elektra_VLT_%282021%29%2C_deconvolved.pdf.jpg,,,,,,,belt asteroid type G ; multiple,,99.5 Â± 1,,,,6.4 Â± 0.2,,,,
From_50_to_99_km,Bienor 54598,,,,,,,,centaur,,99 +3 âˆ’3.5,,,,,,,,
From_50_to_99_km,Hebe 6,wikipedia_images\60px-6hebe.png,,,,,,,belt asteroid type S,,97.5 Â± 1.5,,,,12.4 Â± 2.4,,,,
From_50_to_99_km,Larissa Neptune VII,wikipedia_images\60px-Larissa_1.jpg,,,,,,,moon of Neptune,,97 Â± 3,,,Â·,â‰ˆ 4.2,,,,
From_50_to_99_km,Ursula 375,wikipedia_images\60px-375Ursula-LB1.jpg,,,,,,,belt asteroid type C,,96.8 Â± 1.3,,,Â·,8.4 Â± 5.3,,,,
From_50_to_99_km,S/2018 (532037) 1,,,,,,,,moon of 2013 FY27,,â‰ˆ 95,,,,,,,,
From_50_to_99_km,Eugenia 45,wikipedia_images\page1-50px-45_Eugenia_VLT_%282021%29%2C_deconvolved.pdf.jpg,,,,,,,belt asteroid type F ; trinary,,94 Â± 1,,,,5.8 Â± 0.1,,,,
From_50_to_99_km,Hermione 121,wikipedia_images\60px-Hermione06_2.jpg,,,,,,,outer belt asteroid type C ; binary,,94 Â± 3,,,Â·,5.0 Â± 0.3,,,,
From_50_to_99_km,Daphne 41,wikipedia_images\page1-50px-41_Daphne_VLT_%282021%29%2C_deconvolved.pdf.jpg,,,,,,,belt asteroid type C ; binary,,94 Â± 7,,,,6.1 Â± 0.9,,,,
From_50_to_99_km,Aurora 94,wikipedia_images\60px-94Aurora_%28Lightcurve_Inversion%29.png,,,,,,,belt asteroid type C,,93.8 Â± 3.6,,,Â·,6.2 Â± 3.6,,,,
From_50_to_99_km,Bertha 154,wikipedia_images\60px-000154-asteroid_shape_model_%28154%29_Bertha.png,,,,,,,belt asteroid type C,,93.4 Â± 0.9,,,Â·,9.2 Â± 5.2,,,,
From_50_to_99_km,Janus Saturn X,wikipedia_images\60px-PIA12714_Janus_crop.jpg,,,,,,,moon of Saturn,,89.5 Â± 1.4,,,Â·,1.898 Â± 0.001,,,,
From_50_to_99_km,Teharonhiawako 88611,wikipedia_images\60px-Teharonhiawako-sawiskera_hst.jpg,,,,,,,cubewano ; binary,,89 +16 âˆ’18,,,Â·,2.44 Â± 0.03,,,,
From_50_to_99_km,Aegle 96,,,,,,,,belt asteroid type T,,88.9 Â± 0.8,,,Â·,6.4 Â± 6.3,,,,
From_50_to_99_km,Galatea Neptune VI,wikipedia_images\60px-Galatea_moon.jpg,,,,,,,moon of Neptune,,88 Â± 4,,,Â·,2.12 Â± 0.08,,,,
From_50_to_99_km,Phorcys Ceto I,wikipedia_images\60px-Ceto-phorcys_hst.jpg,,,,,,,secondary of 65489 Ceto,,87 +8 âˆ’9,,,Â·,â‰ˆ 1.67,,,,
From_50_to_99_km,Palma 372,wikipedia_images\60px-372Palma_%28Lightcurve_Inversion%29.png,,,,,,,belt asteroid type B,,86.8 Â± 1.4,,,Â·,5.2 Â± 0.6,,,,
From_50_to_99_km,Metis 9,wikipedia_images\page1-50px-9_Metis_VLT_%282021%29%2C_deconvolved.pdf.jpg,,,,,,,belt asteroid type S,,86.5 Â± 1,,,Â·,8.0 Â± 1.9,,,,
From_50_to_99_km,Alauda 702,wikipedia_images\60px-702Ala-mag13-occult.jpg,,,,,,,belt asteroid type C ; binary,,86 Â± 28,,,Â·,6.06 Â± 0.36,,,,
From_50_to_99_km,Hilda 153,wikipedia_images\60px-Hilda-LB1-mag14.jpg,,,,,,,outer belt asteroid; Hildas,,85.3 Â± 1.6,,,,,,,,
From_50_to_99_km,Himalia Jupiter VI,wikipedia_images\60px-Cassini-Huygens_Image_of_Himalia.png,,,,,,,moon of Jupiter,,85,,,Â·,4.2 Â± 0.6,,,,
From_50_to_99_km,Namaka Haumea II,wikipedia_images\60px-Haumea_Hubble.png,,,,,,,moon of Haumea,,â‰ˆ 85,,,Â·,1.8 Â± 1.5,,,,
From_50_to_99_km,Weywot Quaoar I,wikipedia_images\60px-Quaoar-weywot_hst.jpg,,,,,,,moon of 50000 Quaoar,,â‰ˆ 85,,,,< â‰ˆ 5,,,,
From_50_to_99_km,Freia 76,wikipedia_images\60px-76Freia_%28Lightcurve_Inversion%29.png,,,,,,,outer belt asteroid type P / type X,,84.2 Â± 1.0,,,Â·,2.0 Â± 4.2,,,,
From_50_to_99_km,Amalthea Jupiter V,wikipedia_images\60px-Amalthea_%28moon%29.png,,,,,,,moon of Jupiter,,83.45 Â± 2.4,,,Â·,2.08 Â± 0.15,,,,
From_50_to_99_km,Agamemnon 911,wikipedia_images\60px-911_Agamemnon.png,,,,,,,Jupiter trojan ( L 4 ) type D,,83.3 Â± 2.0,,,,,,,,
From_50_to_99_km,Elpis 59,,,,,,,,belt asteroid type CP / type B,,82.6 Â± 2.3,,,Â·,3 Â± 0.5,,,,
From_50_to_99_km,Eleonora 354,wikipedia_images\page1-50px-354_Eleonora_VLT_%282021%29%2C_deconvolved.pdf.jpg,,,,,,,belt asteroid type A,,82.5 Â± 1.5,,,,7.5 Â± 2.7,,,,
From_50_to_99_km,Nemesis 128,wikipedia_images\page1-50px-128_Nemesis_VLT_%282021%29%2C_deconvolved.pdf.jpg,,,,,,,belt asteroid type C,,81.5 Â± 2.5,,,,3.4 Â± 1.7,,,,
From_50_to_99_km,Puck Uranus XV,wikipedia_images\60px-Puck.png,,,,,,,moon of Uranus,,81 Â± 2,,,,,,,,
From_50_to_99_km,2002 KW 14 307251,,,,,,,,cubewano,,80.5 +17.5 âˆ’20,,,,â‰ˆ 30,,,,
From_50_to_99_km,S/2015 (136472) 1 Makemake I,wikipedia_images\60px-Makemake_moon_Hubble_image_with_legend_%28cropped%29.jpg,,,,,,,moon of Makemake,,â‰ˆ 80,,,,,,,,
From_50_to_99_km,Sycorax Uranus XVII,wikipedia_images\60px-Uranus-sycorax2.gif,,,,,,,moon of Uranus,,78.5 +11.5 âˆ’7.5,,,,,,,,
From_50_to_99_km,Io 85,wikipedia_images\60px-85Io_%28Lightcurve_Inversion%29.png,,,,,,,belt asteroid type FC / type B,,77.4 Â± 1.9,,,Â·,2.6 Â± 1.5,,,,
From_50_to_99_km,Minerva 93,wikipedia_images\60px-93Minerva_%28Lightcurve_Inversion%29.png,,,,,,,belt asteroid type C ; trinary,,77.08 Â± 0.65,,,Â·,3.5 Â± 0.4,,,,
From_50_to_99_km,Alexandra 54,wikipedia_images\60px-54Alexandra_%28Lightcurve_Inversion%29.png,,,,,,,belt asteroid type C,,77.07 Â± 0.32,,,Â·,6.2 Â± 3.5,,,,
From_50_to_99_km,Laetitia 39,,,,,,,,belt asteroid type S,,77 Â± 2,,,Â·,4.7 Â± 1.1,,,,
From_50_to_99_km,Nemausa 51,wikipedia_images\page1-50px-51_Nemausa_VLT_%282021%29%2C_deconvolved.pdf.jpg,,,,,,,belt asteroid type G,,75 Â± 1.5,,,,3.9 Â± 1.6,,,,
From_50_to_99_km,Kalliope 22,wikipedia_images\page1-50px-22_Kalliope_VLT_%282021%29%2C_deconvolved.pdf.jpg,,,,,,,belt asteroid type M ; binary,,75 Â± 2.5,,,,7.7 Â± 0.4,,,,
From_50_to_99_km,Despina Neptune V,wikipedia_images\60px-Despina.jpg,,,,,,,moon of Neptune,,75 Â± 3,,,,,,,,
From_50_to_99_km,ManwÃ« 385446,wikipedia_images\60px-Manwe-thorondor_hst.jpg,,,,,,,resonant KBO (4:7) ; binary,,â‰ˆ 75,,,Â·,â‰ˆ 1.41,,,,
From_50_to_99_km,Pales 49,,,,,,,,belt asteroid type C,,â‰ˆ 74.9,,,Â·,4.2 Â± 2.2,,,,
From_50_to_99_km,Parthenope 11,wikipedia_images\page1-50px-11_Parthenope_VLT_%282021%29%2C_deconvolved.pdf.jpg,,,,,,,belt asteroid type S,,74.5 Â± 1,,,,5.5 Â± 0.4,,,,
From_50_to_99_km,Arethusa 95,wikipedia_images\60px-95Arethusa_%28Lightcurve_Inversion%29.png,,,,,,,belt asteroid type C,,74.0 Â± 2.4,,,,,,,,
From_50_to_99_km,Pulcova 762,wikipedia_images\60px-762_Pulcova_Hubble.jpg,,,,,,,belt asteroid type F ; binary,,73.7 Â± 0.4,,,Â·,1.4 Â± 0.1,,,,
From_50_to_99_km,Flora 8,wikipedia_images\page1-50px-8_Flora_VLT_%282021%29%2C_deconvolved.pdf.jpg,,,,,,,belt asteroid type S,,73 Â± 1,,,,4.0 Â± 1.6,,,,
From_50_to_99_km,Ino 173,wikipedia_images\page1-50px-173_Ino_VLT_%282021%29%2C_deconvolved.pdf.jpg,,,,,,,belt asteroid type Xc,,72.5 Â± 1.5,,,,2.2 Â± 1.3,,,,
From_50_to_99_km,Adeona 145,wikipedia_images\page1-50px-145_Adeona_VLT_%282021%29%2C_deconvolved.pdf.jpg,,,,,,,belt asteroid type Xc,,72 Â± 1.5,,,,2.4 Â± 0.3,,,,
From_50_to_99_km,Irene 14,wikipedia_images\60px-14Irene_%28Lightcurve_Inversion%29.png,,,,,,,belt asteroid type S,,72 Â± 1,,,Â·,2.9 Â± 1.9,,,,
From_50_to_99_km,Melpomene 18,wikipedia_images\page1-50px-18_Melpomene_VLT_%282021%29%2C_deconvolved.pdf.jpg,,,,,,,belt asteroid type S,,70.5 Â± 1,,,,4.5 Â± 0.9,,,,
From_50_to_99_km,Lamberta 187,wikipedia_images\60px-Lamberta_VLT.png,,,,,,,belt asteroid type Ch,,70.5 Â± 1,,,,1.9 Â± 0.3,,,,
From_50_to_99_km,Aglaja 47,,,,,,,,belt asteroid type C,,71 Â± 4,,,Â·,3.2 Â± 1.7,,,,
From_50_to_99_km,Patroclus 617,wikipedia_images\60px-617_Patroclus_Hubble.jpg,,,,,,,Jupiter trojan ( L 5 ) type P ; binary,,70.2 Â± 0.4,,,Â·,1.36 Â± 0.11,,,,
From_50_to_99_km,Julia 89,wikipedia_images\60px-Potw1749a_Julia_crop.png,,,,,,,belt asteroid type S,,70 Â± 1.4,,,,4.3 Â± 3.2,,,,
From_50_to_99_km,Typhon 42355,wikipedia_images\60px-Typhon-echidna_hst.jpg,,,,,,,resonant SDO (7:10); binary,,69 Â± 4.5,,,Â·,0.87 Â± 0.03,,,,
From_50_to_99_km,Massalia 20,wikipedia_images\60px-A112.M119.shape.png,,,,,,,belt asteroid type S,,67.8 Â± 1.8,,,Â·,5 Â± 1.04,,,,
From_50_to_99_km,Portia Uranus XII,wikipedia_images\60px-Portia1.jpg,,,,,,,moon of Uranus,,67.6 Â± 4,,,,,,,,
From_50_to_99_km,Emma 283,wikipedia_images\60px-283Emma_%28Lightcurve_Inversion%29.png,,,,,,,belt asteroid type X ; binary,,66.2 Â± 0.1,,,Â·,1.38 Â± 0.03,,,,
From_50_to_99_km,Paha Lempo I,wikipedia_images\60px-1999TC36-Trujillo-HST.png,,,,,,,moon of 47171 Lempo,,66 +4 âˆ’4.5,,,Â·,0.746 Â± 0.001,,,,
From_50_to_99_km,Lucina 146,wikipedia_images\60px-146Lucina_%28Lightcurve_Inversion%29.png,,,,,,,belt asteroid type C,,65.9 Â±?,,,,,,,,
From_50_to_99_km,Sawiskera Teharonhiawako I,wikipedia_images\60px-Teharonhiawako-sawiskera_hst.jpg,,,,,,,secondary of 88611 Teharonhiawako,,65.5 +12 âˆ’13,,,,,,,,
From_50_to_99_km,Achilles 588,wikipedia_images\60px-Modelled_shape_of_588_Achilles_from_its_light_curve.png,,,,,,,Jupiter trojan ( L 4 ) type DU,,65.0 Â± 0.3,,,,,,,,
From_50_to_99_km,Panopaea 70,,,,,,,,belt asteroid type C,,64.0 Â± 0.4,,,Â·,4.33 Â± 1.09,,,,
From_50_to_99_km,Thule 279,,,,,,,,outer belt asteroid type D,,63.3 Â± 1.8,,,,,,,,
From_50_to_99_km,Borasisi 66652,wikipedia_images\60px-Borasisi-pabu_hst.jpg,,,,,,,cubewano ; binary,,63 +12.5 âˆ’25.5,,,Â·,3.433 Â± 0.027,,,,
From_50_to_99_km,Albion 15760,,,,,,,,"TNO, first KBO discovered",,â‰ˆ 62.5,,,,,,,,
From_50_to_99_km,Hestia 46,,,,,,,,belt asteroid type P / type Xc,,62.07 Â± 1.7,,,Â·,3.5,,,,
From_50_to_99_km,Leto 68,wikipedia_images\60px-68Leto_%28Lightcurve_Inversion%29.png,,,,,,,belt asteroid type S,,61.3 Â± 1.6,,,Â·,3.28 Â± 1.9,,,,
From_50_to_99_km,Undina 92,,,,,,,,belt asteroid type X,,60.46 Â± 0.85,,,Â·,4.43 Â± 0.25,,,,
From_50_to_99_km,Bellona 28,wikipedia_images\60px-28Bell-LB1-mag12.jpg,,,,,,,belt asteroid type S,,60.45 Â± 1.90,,,Â·,2.62 Â± 0.15,,,,
From_50_to_99_km,Diana 78,,,,,,,,belt asteroid type C,,60.30 Â± 1.35,,,Â·,1.27 Â± 0.13,,,,
From_50_to_99_km,Anchises 1173,wikipedia_images\60px-001173-asteroid_shape_model_%281173%29_Anchises.png,,,,,,,Jupiter trojan ( L 5 ) type P,,60.2 Â± 1.5,,,,,,,,
From_50_to_99_km,Bernardinelli-Bernstein C/2014 UN 271,wikipedia_images\60px-2014_UN271_Jan_2022_Hubble_crop.png,,,,,,,comet,,60 Â± 7,,,,,,,,
From_50_to_99_km,Galatea 74,,,,,,,,belt asteroid type C,,59.4 Â± 1.4,,,Â·,6.13 Â± 5.36,,,,
From_50_to_99_km,Deiphobus 1867,,,,,,,,Jupiter trojan ( L 5 ) type D,,59.1 Â± 0.8,,,,,,,,
From_50_to_99_km,Ã„neas 1172,,,,,,,,Jupiter trojan ( L 5 ) type D,,59.01 Â± 0.40,,,,,,,,
From_50_to_99_km,Kleopatra 216,wikipedia_images\page1-50px-216_Kleopatra_VLT_%282021%29%2C_deconvolved.pdf.jpg,,,,,,,belt asteroid type M ; trinary,,59 Â± 1,,,,3.0 Â± 0.3,,,,
From_50_to_99_km,Athamantis 230,wikipedia_images\page1-50px-230_Athamantis_VLT_%282021%29%2C_deconvolved.pdf.jpg,,,,,,,belt asteroid type S,,59 Â± 1,,,,2.3 Â± 1.1,,,,
From_50_to_99_km,Diomedes 1437,wikipedia_images\60px-001437-asteroid_shape_model_%281437%29_Diomedes.png,,,,,,,Jupiter trojan ( L 4 ) type D,,58.89 Â± 0.59,,,,,,,,
From_50_to_99_km,Terpsichore 81,,,,,,,,belt asteroid type C,,58.9 Â± 0.4,,,Â·,6.19 Â± 5.31,,,,
From_50_to_99_km,Epimetheus Saturn XI,wikipedia_images\60px-PIA09813_Epimetheus_S._polar_region.jpg,,,,,,,moon of Saturn,,58.1 Â± 1.8,,,Â·,0.5266 Â± 0.0006,,,,
From_50_to_99_km,Victoria 12,wikipedia_images\page1-50px-12_Victoria_VLT_%282021%29%2C_deconvolved.pdf.jpg,,,,,,,belt asteroid type S,,58 Â± 1,,,,2.7 Â± 1.3,,,,
From_50_to_99_km,Circe 34,wikipedia_images\60px-34Circe_%28Lightcurve_Inversion%29.png,,,,,,,belt asteroid type C,,57.7 Â± 1.0,,,Â·,â‰ˆ 3.66 Â± 0.03,,,,
From_50_to_99_km,Leda 38,wikipedia_images\60px-38Leda_%28Lightcurve_Inversion%29.png,,,,,,,belt asteroid type C,,57.7 Â± 0.7,,,Â·,5.71 Â± 5.47,,,,
From_50_to_99_km,Odysseus 1143,,,,,,,,Jupiter trojan ( L 4 ) type D,,57.3 Â± 0.3,,,,,,,,
From_50_to_99_km,Alcathous 2241,,,,,,,,Jupiter trojan ( L 5 ) type D,,56.8 Â± 0.9,,,,,,,,
From_50_to_99_km,Melete 56,wikipedia_images\60px-56Melete_%28Lightcurve_Inversion%29.png,,,,,,,belt asteroid type P,,56.62 Â± 0.85,,,Â·,4.61,,,,
From_50_to_99_km,Mnemosyne 57,,,,,,,,belt asteroid type S,,56.3 Â± 1.4,,,Â·,â‰ˆ 12.6 Â± 2.4,,,,
From_50_to_99_km,Nestor 659,,,,,,,,Jupiter trojan ( L 4 ) type XC,,56.2 Â± 0.9,,,,,,,,
From_50_to_99_km,Harmonia 40,wikipedia_images\60px-40Harmonia_%28Lightcurve_Inversion%29.png,,,,,,,belt asteroid type S,,55.6 Â± 0.2,,,,,,,,
From_50_to_99_km,LeleÄkÅ«honua 541132,,,,,,,,sednoid,,55 +7 âˆ’5,,,,,,,,
From_50_to_99_km,Euterpe 27,wikipedia_images\60px-27Euterpe_%28Lightcurve_Inversion%29.png,,,,,,,belt asteroid type S,,54.9 Â± 0.8,,,Â·,1.67 Â± 1.01,,,,
From_50_to_99_km,Antilochus 1583,,,,,,,,Jupiter trojan ( L 4 ) type D,,54.4 Â± 0.3,,,,,,,,
From_50_to_99_km,Thorondor ManwÃ« I,wikipedia_images\60px-Manwe-thorondor_hst.jpg,,,,,,,secondary of 385446 ManwÃ«,,54,,,Â·,0.5,,,,
From_50_to_99_km,Thalia 23,wikipedia_images\60px-23Thalia_%28Lightcurve_Inversion%29.png,,,,,,,belt asteroid type S,,53.8 Â± 1.1,,,Â·,1.96 Â± 0.09,,,,
From_50_to_99_km,Erato 62,wikipedia_images\60px-62Erato_%28Lightcurve_Inversion%29.png,,,,,,,belt asteroid type BU / type Ch,,53.5 Â± 0.3,,,,,,,,
From_50_to_99_km,Astraea 5,wikipedia_images\60px-5Astraea_%28Lightcurve_Inversion%29.png,,,,,,,belt asteroid type S,,53.3 Â± 1.6,,,Â·,2.9,,,,
From_50_to_99_km,Pabu Borasisi I,wikipedia_images\60px-Borasisi-pabu_hst.jpg,,,,,,,secondary of 66652 Borasisi,,52.5 +10 âˆ’21,,,,,,,,
From_50_to_99_km,Eos 221,,,,,,,,belt asteroid type S / type K,,51.76 Â± 2.8,,,Â·,â‰ˆ 5.87 Â± 0.34,,,,
From_50_to_99_km,Aegina 91,,,,,,,,belt asteroid type C,,51.7 Â± 0.2,,,,,,,,
From_50_to_99_km,Leukothea 35,wikipedia_images\60px-35Leukothea_%28Lightcurve_Inversion%29.png,,,,,,,belt asteroid type C,,51.5 Â± 0.6,,,,,,,,
From_50_to_99_km,Menoetius Patroclus I,wikipedia_images\60px-617_Patroclus_Hubble.jpg,,,,,,,secondary of 617 Patroclus,,51.4 Â± 0.25,,,,,,,,
From_50_to_99_km,Isis 42,wikipedia_images\60px-42Isis_%28Lightcurve_Inversion%29.png,,,,,,,belt asteroid type S,,51.4 Â± 1.4,,,Â·,1.58 Â± 0.52,,,,
From_50_to_99_km,Klotho 97,wikipedia_images\60px-97Klotho_%28Lightcurve_Inversion%29.png,,,,,,,belt asteroid type M,,50.4 Â± 0.3,,,Â·,1.33 Â± 0.13,,,,
From_50_to_99_km,Troilus 1208,wikipedia_images\60px-1208_Troilus_Hubble.jpg,,,,,,,Jupiter trojan ( L 5 ) type FCU,,50.3 Â± 0.5,,,,,,,,
From_20_to_49_km,Asterope 233,,,,,,,,,,49.8 Â± 0.6,,,,,,belt asteroid type T / type K,,
From_20_to_49_km,Pholus 5145,,,,,,,,,,49.5 +7.5 âˆ’7,,,,,,centaur,,
From_20_to_49_km,Thebe Jupiter XIV,wikipedia_images\60px-Thebe.jpg,,,,,,,,,49.3 Â± 2,,,,,,moon of Jupiter,,
From_20_to_49_km,Lutetia 21,wikipedia_images\60px-Rosetta_triumphs_at_asteroid_Lutetia.jpg,,,,,,,,,49 Â± 1,,,,,1700 Â± 20,belt asteroid type M,,
From_20_to_49_km,Kalypso 53,wikipedia_images\60px-53Kalypso_%28Lightcurve_Inversion%29.png,,,,,,,,,48.631 Â± 13.299,,,Â·,,â‰ˆ 5630 Â± 5000,belt asteroid type XC,,
From_20_to_49_km,Notburga 626,wikipedia_images\60px-000626-asteroid_shape_model_%28626%29_Notburga.png,,,,,,,,,48.42 Â± 2.335,,,,,,belt asteroid type XC,,
From_20_to_49_km,Proserpina 26,wikipedia_images\60px-A713.M1189.shape.png,,,,,,,,,47.4 Â± 0.85,,,Â·,,748 Â± 895,belt asteroid type S,,
From_20_to_49_km,Juliet Uranus XI,wikipedia_images\60px-Julietmoon.png,,,,,,,,,46.8 Â± 4,,,,,,moon of Uranus,,
From_20_to_49_km,Urania 30,wikipedia_images\60px-30Urania_%28Lightcurve_Inversion%29.png,,,,,,,,,44 Â± 1,,,,,1300 Â± 900,belt asteroid type S,,
From_20_to_49_km,Ausonia 63,wikipedia_images\60px-63Ausonia_%28Lightcurve_Inversion%29.png,,,,,,,,,46.5 Â± 1.5,,,,,1200 Â± 200,belt asteroid type S,,
From_20_to_49_km,Beatrix 83,,,,,,,,,,44.819 Â± 1.326,,,,,,belt asteroid type X,,
From_20_to_49_km,Concordia 58,,,,,,,,,,44.806 Â± 0.419,,,,,,belt asteroid type C,,
From_20_to_49_km,Echidna Typhon I,wikipedia_images\60px-Typhon-echidna_hst.jpg,,,,,,,,,44.5 Â± 3,,,,,,moon of 42355 Typhon,,
From_20_to_49_km,Automedon 2920,,,,,,,,,,44.287 Â± 0.898,,,,,,Jupiter trojan ( L 4 ) type D,,
From_20_to_49_km,Antiope 90,,,,,,,,,,43.9 Â± 0.5,,,Â·,,828 Â± 22,belt asteroid type C ; binary,,
From_20_to_49_km,Prometheus Saturn XVI,wikipedia_images\60px-Prometheus_12-26-09a.jpg,,,,,,,,,43.1 Â± 2.7,,,Â·,,159.5 Â± 1.5,moon of Saturn,,
From_20_to_49_km,DanaÃ« 61,,,,,,,,,,42.969 Â± 1.076,,,Â·,,2890 Â± 2780,belt asteroid type S,,
From_20_to_49_km,Thetis 17,wikipedia_images\60px-17Thetis-LB1.jpg,,,,,,,,,42.449 Â± 1.014,,,Â·,,1200,belt asteroid type S,,
From_20_to_49_km,Pandora 55,wikipedia_images\60px-55Pandora_%28Lightcurve_Inversion%29.png,,,,,,,,,42.397 Â± 1.251,,,,,,belt asteroid type M,,
From_20_to_49_km,Huenna 379,,,,,,,,,,42.394 Â± 0.779,,,Â·,,383 Â± 19,belt asteroid type B / type C ; binary,,
From_20_to_49_km,Virginia 50,,,,,,,,,,42.037 Â± 0.121,,,Â·,,2310 Â± 700,belt asteroid type X / type Ch,,
From_20_to_49_km,Feronia 72,wikipedia_images\60px-72Feronia_%28Lightcurve_Inversion%29.png,,,,,,,,,41.975 Â± 2.01,,,Â·,,â‰ˆ 3320 Â± 8490,belt asteroid type TDG,,
From_20_to_49_km,S/2000 (90) 1 Antiope I,,,,,,,,,,41.9 Â± 0.5,,,,,,secondary of 90 Antiope,,
From_20_to_49_km,Poulydamas 4348,,,,,,,,,,41.016 Â± 0.313,,,,,,Jupiter trojan ( L 5 ) type C,,
From_20_to_49_km,Logos 58534,wikipedia_images\60px-Logos-zoe-hst.jpg,,,,,,,,,41 Â± 9,,,Â·,,458 Â± 6.9,cubewano ; binary,,
From_20_to_49_km,Pandora Saturn XVII,wikipedia_images\60px-Pandora_PIA07632.jpg,,,,,,,,,40.7 Â± 1.5,,,Â·,,137.1 Â± 1.9,moon of Saturn,,
From_20_to_49_km,Thalassa Neptune IV,wikipedia_images\60px-Neptune_Trio.jpg,,,,,,,,,40.7 Â± 2.8,,,,,,moon of Neptune,,
From_20_to_49_km,Niobe 71,wikipedia_images\60px-71Niobe_%28Lightcurve_Inversion%29.png,,,,,,,,,40.43 Â± 0.4,,,,,,belt asteroid type S,,
From_20_to_49_km,Pomona 32,wikipedia_images\60px-32Pomona_%28Lightcurve_Inversion%29.png,,,,,,,,,40.38 Â± 0.8,,,,,,belt asteroid type S,,
From_20_to_49_km,Belinda Uranus XIV,wikipedia_images\60px-Belinda.gif,,,,,,,,,40.3 Â± 8,,,,,,moon of Uranus,,
From_20_to_49_km,Elara Jupiter VII,wikipedia_images\60px-Elara_-_New_Horizons.png,,,,,,,,,39.95 Â± 1.7,,,,,,moon of Jupiter,,
From_20_to_49_km,Cressida Uranus IX,wikipedia_images\60px-Cressida.png,,,,,,,,,39.8 Â± 2,,,,,,moon of Uranus,,
From_20_to_49_km,Amycus 55576,,,,,,,,,,38.15 Â± 6.25,,,,,,centaur,,
From_20_to_49_km,Hylonome 10370,wikipedia_images\60px-10370_Hylonome_Hubble.jpg,,,,,,,,,37.545,,,,,,centaur,,
From_20_to_49_km,Socus 3708,,,,,,,,,,37.831 Â± 0.404,,,,,,Jupiter trojan ( L 5 ) type C,,
From_20_to_49_km,Nysa 44,wikipedia_images\60px-44Nysa_%28Lightcurve_Inversion%29.png,,,,,,,,,37.83 Â± 0.37,,,,,,belt asteroid type E,,
From_20_to_49_km,Rosalind Uranus XIII,wikipedia_images\60px-Rosalindmoon.png,,,,,,,,,36 Â± 6,,,,,,moon of Uranus,,
From_20_to_49_km,Maja 66,wikipedia_images\60px-A737.M1234.shape%281%29.png,,,,,,,,,35.895 Â± 0.46,,,,,,belt asteroid type C,,
From_20_to_49_km,Ariadne 43,wikipedia_images\60px-43Ariadne_%28Lightcurve_Inversion%29.png,,,,,,,,,35.67 Â± 0.627,,,Â·,,â‰ˆ 1210 Â± 220,belt asteroid type S,,
From_20_to_49_km,Iphigenia 112,,,,,,,,,,35.535 Â± 0.26,,,Â·,,â‰ˆ 1970 Â± 6780,belt asteroid type C,,
From_20_to_49_km,Xiangliu Gonggong I,,,,,,,,,,â‰ˆ 35 Â± 15,,,,,,moon of (225088) Gonggong,,
From_20_to_49_km,Dike 99,wikipedia_images\60px-99Dike_%28Lightcurve_Inversion%29.png,,,,,,,,,33.677 Â± 0.208,,,,,,belt asteroid type C,,
From_20_to_49_km,Echeclus 60558 or 174P,,,,,,,,,,32.3 Â± 0.8,,,,,,centaur,,
From_20_to_49_km,Desdemona Uranus X,wikipedia_images\60px-Desdemonamoon.png,,,,,,,,,32 Â± 4,,,,,,moon of Uranus,,
From_20_to_49_km,Eurybates 3548,wikipedia_images\60px-3548_Eurybates_Hubble.jpg,,,,,,,,,31.943 Â± 0.149,,,,,,Jupiter trojan ( L 4 ) type CP,,
From_20_to_49_km,Eurynome 79,wikipedia_images\60px-79Eurynome_%28Lightcurve_Inversion%29.png,,,,,,,,,31.739 Â± 0.476,,,,,,belt asteroid type S,,
From_20_to_49_km,Eurydike 75,,,,,,,,,,31.189 Â± 0.802,,,,,,belt asteroid type M,,
From_20_to_49_km,Halimede Neptune IX,wikipedia_images\60px-Halimede.jpg,,,,,,,,,â‰ˆ 31,,,,,,moon of Neptune,,
From_20_to_49_km,Phocaea 25,wikipedia_images\60px-25Phocaea_%28Lightcurve_Inversion%29.png,,,,,,,,,30.527 Â± 1.232,,,Â·,,599 Â± 60,belt asteroid type S,,
From_20_to_49_km,Naiad Neptune III,wikipedia_images\60px-Naiad_Voyager.png,,,,,,,,,30.2 Â± 3.2,,,,,,moon of Neptune,,
From_20_to_49_km,Schwassmannâ€“ Wachmann 1 29P,wikipedia_images\60px-29P_Schwassmann_Wachmann.jpg,,,,,,,,,30.2 Â± 3.7,,,,,,comet,,
From_20_to_49_km,Neso Neptune XIII,wikipedia_images\60px-Neso_VLT-FORS1_2002-09-03_annotated.gif,,,,,,,,,â‰ˆ 30,,,,,,moon of Neptune,,
From_20_to_49_km,Angelina 64,wikipedia_images\60px-60Echo_%28Lightcurve_Inversion%29.png,,,,,,,,,29.146 Â± 0.541,,,,,,belt asteroid type E,,
From_20_to_49_km,Pasiphae Jupiter VIII,wikipedia_images\60px-Pasipha%C3%A9.jpg,,,,,,,,,28.9 Â± 0.4,,,,,,moon of Jupiter,,
From_20_to_49_km,Alkmene 82,wikipedia_images\60px-82Alkmene_%28Lightcurve_Inversion%29.png,,,,,,,,,28.811 Â± 0.357,,,,,,belt asteroid type S,,
From_20_to_49_km,Nessus 7066,wikipedia_images\60px-7066_Nessus_Hubble.jpg,,,,,,,,,28.5 Â± 8.5,,,,,,centaur,,
From_20_to_49_km,Polana 142,,,,,,,,,,27.406 Â± 0.139,,,,,,belt asteroid type F,,
From_20_to_49_km,Bianca Uranus VIII,wikipedia_images\60px-Biancamoon.png,,,,,,,,,27 Â± 2,,,,,,moon of Uranus,,
From_20_to_49_km,Mathilde 253,wikipedia_images\60px-%28253%29_mathilde_crop.jpg,,,,,,,,,26.4,,,Â·,,103.3 Â± 4.4,belt asteroid type C,,
From_20_to_49_km,Hidalgo 944,wikipedia_images\60px-Hidalgoanimation2003.gif,,,,,,,,,26.225 Â± 1.8,,,,,,centaur,,
From_20_to_49_km,Orus 21900,wikipedia_images\60px-21900_Orus_Hubble.jpg,,,,,,,,,25.405 Â± 0.405,,,,,,Jupiter trojan ( L 4 ) type C / type D,,
From_20_to_49_km,Amalthea 113,,,,,,,,,,25.069 Â± 0.633,,,,,,belt asteroid type S ; binary,,
From_20_to_49_km,Prospero Uranus XVIII,wikipedia_images\60px-Prospero_-_Uranus_moon.jpg,,,,,,,,,â‰ˆ 25,,,,,,moon of Uranus,,
From_20_to_49_km,Setebos Uranus XIX,wikipedia_images\60px-Uranus_-_Setebos_image.jpg,,,,,,,,,â‰ˆ 24,,,,,,moon of Uranus,,
From_20_to_49_km,Carme Jupiter XI,wikipedia_images\60px-Carm%C3%A9.jpg,,,,,,,,,23.35 Â± 0.45,,,,,,moon of Jupiter,,
From_20_to_49_km,Klytia 73,wikipedia_images\60px-73Klytia_%28Lightcurve_Inversion%29.png,,,,,,,,,22.295 Â± 0.471,,,,,,belt asteroid type S,,
From_20_to_49_km,Sao Neptune XI,wikipedia_images\60px-Sao_VLT-FORS1_2002-09-03_annotated.gif,,,,,,,,,â‰ˆ 22,,,,,,moon of Neptune,,
From_20_to_49_km,Echo 60,wikipedia_images\60px-60Echo_%28Lightcurve_Inversion%29.png,,,,,,,,,21.609 Â± 0.286,,,Â·,,315 Â± 32,belt asteroid type S,,
From_20_to_49_km,Metis Jupiter XVI,wikipedia_images\60px-Metis.jpg,,,,,,,,,21.5 Â± 2,,,Â·,,â‰ˆ 119.893,moon of Jupiter,,
From_20_to_49_km,Ophelia Uranus VII,wikipedia_images\60px-Opheliamoon.png,,,,,,,,,21.4 Â± 4,,,,,,moon of Uranus,,
From_20_to_49_km,Lysithea Jupiter X,wikipedia_images\60px-Lysithea_2MASS_JHK_color_composite.png,,,,,,,,,21.1 Â± 0.35,,,,,,moon of Jupiter,,
From_20_to_49_km,Caliban Uranus XVI,wikipedia_images\60px-Caliban_discovery.jpg,,,,,,,,,21 +10 âˆ’6,,,,,,moon of Uranus,,
From_20_to_49_km,Laomedeia Neptune XII,wikipedia_images\60px-Laomedeia_VLT-FORS1_2002-09-03_annotated.gif,,,,,,,,,â‰ˆ 21,,,,,,moon of Neptune,,
From_20_to_49_km,Cordelia Uranus VI,wikipedia_images\60px-Cordeliamoon.png,,,,,,,,,20.1 Â± 3,,,,,,moon of Uranus,,
From_20_to_49_km,Psamathe Neptune X,wikipedia_images\60px-Psamathe_feat.jpg,,,,,,,,,â‰ˆ 20,,,,,,moon of Neptune,,
From_1_to_19_km,Urda 167,wikipedia_images\60px-167Urda_%28Lightcurve_Inversion%29.png,,,,,,,,,19.968 Â± 0.132,,,,,,belt asteroid type S,,
From_1_to_19_km,Hydra Pluto III,wikipedia_images\60px-Hydra_Enhanced_Color.jpg,,,,,,,,,19.65,,,Â·,,48 Â± 42,moon of Pluto,,
From_1_to_19_km,Siarnaq Saturn XXIX,wikipedia_images\60px-Siarnaq-discovery-CFHT.gif,,,,,,,,,19.65 Â± 2.95,,,,,,moon of Saturn,,
From_1_to_19_km,Koronis 158,wikipedia_images\60px-158Koronis_%28Lightcurve_Inversion%29.png,,,,,,,,,19.513 Â± 0.231,,,,,,belt asteroid type S,,
From_1_to_19_km,Nix Pluto II,wikipedia_images\60px-Nix_best_view.jpg,,,,,,,,,19.017,,,Â·,,45 Â± 40,moon of Pluto,,
From_1_to_19_km,Ganymed 1036,wikipedia_images\60px-001036-asteroid_shape_model_%281036%29_Ganymed.png,,,,,,,,,18.838 Â± 0.199,,,Â·,,â‰ˆ 167 Â± 318,Amor asteroid type S,,
From_1_to_19_km,Okyrhoe 52872,,,,,,,,,,18 Â± 0.6,,,,,,centaur,,
From_1_to_19_km,Blarney 2320,,,,,,,,,,18,,,,,,belt asteroid,,
From_1_to_19_km,Helene Saturn XII,wikipedia_images\60px-Helene_over_Saturn.jpg,,,,,,,,,17.6 Â± 0.4,,,,,,moon of Saturn; Dione trojan ( L 4 ),,
From_1_to_19_km,Sinope Jupiter IX,wikipedia_images\60px-Sinop%C3%A9.jpg,,,,,,,,,17.5 Â± 0.3,,,,,,moon of Jupiter,,
From_1_to_19_km,Hippocamp Neptune XIV,wikipedia_images\60px-Hippocamp-heic1904b.jpg,,,,,,,,,17.4 Â± 1,,,Â·,,â‰ˆ 50,moon of Neptune,,
From_1_to_19_km,Leucus 11351,wikipedia_images\60px-11351_Leucus_Hubble.jpg,,,,,,,,,17.078 Â± 0.323,,,,,,Jupiter trojan ( L 4 ) type D,,
From_1_to_19_km,Stephano Uranus XX,wikipedia_images\60px-Stephano_-_Uranus_moon.jpg,,,,,,,,,â‰ˆ 16,,,,,,moon of Uranus,,
From_1_to_19_km,Arrokoth 486958,wikipedia_images\60px-UltimaThule_CA06_color_20190516.png,,,,,,,,,15.85 Â± 0.25,,,,,,cubewano ; contact binary,,
From_1_to_19_km,Ida 243,wikipedia_images\60px-243_Ida_large.jpg,,,,,,,,,15.7,,,Â·,,42 Â± 6,belt asteroid type S ; binary,,
From_1_to_19_km,Atlas Saturn XV,wikipedia_images\60px-Atlas_color_PIA21449.png,,,,,,,,,15.1 Â± 0.9,,,Â·,,6.6,moon of Saturn,,
From_1_to_19_km,Ananke Jupiter XII,wikipedia_images\60px-Anank%C3%A9.jpg,,,,,,,,,14.55 Â± 0.3,,,,,,moon of Jupiter,,
From_1_to_19_km,Albiorix Saturn XXVI,wikipedia_images\60px-Albiorix_WISE-W4.jpg,,,,,,,,,14.3 Â± 2.7,,,,,,moon of Saturn,,
From_1_to_19_km,Pan Saturn XVIII,wikipedia_images\60px-Pan_by_Cassini%2C_March_2017.jpg,,,,,,,,,14.1 Â± 1.3,,,Â·,,4.95,moon of Saturn,,
From_1_to_19_km,Linus Kalliope I,,,,,,,,,,14 Â± 1,,,Â·,,â‰ˆ 60,asteroid moon of 22 Kalliope,,
From_1_to_19_km,Dioretsa 20461,,,,,,,,,,14 Â± 3,,,,,,centaur ; damocloid,,
From_1_to_19_km,Perdita Uranus XXV,wikipedia_images\60px-Perditamoon.png,,,,,,,,,13 Â± 1,,,,,,moon of Uranus,,
From_1_to_19_km,Telesto Saturn XIII,wikipedia_images\60px-Telesto_cassini_closeup.jpg,,,,,,,,,12.4 Â± 0.4,,,,,,moon of Saturn; Tethys trojan ( L 4 ),,
From_1_to_19_km,Mab Uranus XXVI,wikipedia_images\60px-Mabmoon.png,,,,,,,,,12 Â± 1,,,,,,moon of Uranus,,
From_1_to_19_km,Phobos Mars I,wikipedia_images\60px-Phobos_colour_2008.jpg,,,,,,,,,11.1 Â± 0.15,,,Â·,,10.659,moon of Mars,,
From_1_to_19_km,Paaliaq Saturn XX,wikipedia_images\60px-Paaliaq-CFHT.gif,,,,,,,,,â‰ˆ 11,,,,,,moon of Saturn,,
From_1_to_19_km,Francisco Uranus XXII,,,,,,,,,,â‰ˆ 11,,,,,,moon of Uranus,,
From_1_to_19_km,Leda Jupiter XIII,wikipedia_images\60px-Leda_WISE-W3.jpg,,,,,,,,,10.75 Â± 0.85,,,,,,moon of Jupiter,,
From_1_to_19_km,Calypso Saturn XIV,wikipedia_images\60px-Calypso_N1644755236_1.jpg,,,,,,,,,10.7 Â± 0.7,,,,,,moons of Saturn; Tethys trojan ( L 5 ),,
From_1_to_19_km,Polymele 15094,wikipedia_images\60px-15094_Polymele_Hubble.jpg,,,,,,,,,10.548 Â± 0.068,,,,,,Jupiter trojan ( L 4 ) type P,,
From_1_to_19_km,Margaret Uranus XXIII,wikipedia_images\60px-S2003u3acircle.gif,,,,,,,,,â‰ˆ 10,,,,,,moon of Uranus,,
From_1_to_19_km,Ferdinand Uranus XXIV,wikipedia_images\60px-Uranus_moon_021002_02.jpg,,,,,,,,,â‰ˆ 10,,,,,,moon of Uranus,,
From_1_to_19_km,Cupid Uranus XXVII,wikipedia_images\60px-Cupidmoon.png,,,,,,,,,9 Â± 1,,,,,,moon of Uranus,,
From_1_to_19_km,Ymir Saturn XIX,wikipedia_images\60px-Ymir-CFHT.gif,,,,,,,,,â‰ˆ 9,,,,,,moon of Saturn,,
From_1_to_19_km,Trinculo Uranus XXI,,,,,,,,,,â‰ˆ 9,,,,,,moon of Uranus,,
From_1_to_19_km,Eros 433,wikipedia_images\60px-Eros_-_PIA02923_%28color%29.jpg,,,,,,,,,8.42 Â± 0.02,,,Â·,,6.687 Â± 0.003,Amor asteroid type S,,
From_1_to_19_km,Adrastea Jupiter XV,wikipedia_images\60px-Adrastea.jpg,,,,,,,,,8.2 Â± 2,,,,,,moon of Jupiter,,
From_1_to_19_km,Kiviuq Saturn XXIV,wikipedia_images\60px-Kiviuq-CFHT.gif,,,,,,,,,â‰ˆ 8,,,,,,moon of Saturn,,
From_1_to_19_km,Tarvos Saturn XXI,wikipedia_images\60px-Tarvos_discovery.gif,,,,,,,,,â‰ˆ 7.5,,,,,,moon of Saturn,,
From_1_to_19_km,Kerberos Pluto IV,wikipedia_images\60px-Kerberos_%28moon%29.jpg,,,,,,,,,â‰ˆ 6.333,,,Â·,,16 Â± 9,moon of Pluto,,
From_1_to_19_km,Gaspra 951,wikipedia_images\60px-951_Gaspra.jpg,,,,,,,,,6.266,,,Â·,,20â€“30,belt asteroid type S,,
From_1_to_19_km,Deimos Mars II,wikipedia_images\60px-Deimos-MRO.jpg,,,,,,,,,6.2 Â± 0.18,,,Â·,,1.476,moon of Mars,,
From_1_to_19_km,Skamandrios Hektor I,,,,,,,,,,6 Â± 1.5,,,,,,asteroid moon of 624 Hektor,,
From_1_to_19_km,Ijiraq Saturn XXII,wikipedia_images\60px-Ijiraq-discovery-CFHT.gif,,,,,,,,,â‰ˆ 6,,,,,,moon of Saturn,,
From_1_to_19_km,Halley's Comet 1P,wikipedia_images\60px-Lspn_comet_halley.jpg,,,,,,,,,5.75,,,Â·,,0.22,comet,,
From_1_to_19_km,Styx Pluto V,wikipedia_images\60px-Styx_%28moon%29.jpg,,,,,,,,,â‰ˆ 5.5,,,Â·,,â‰ˆ 7.65,moon of Pluto,,
From_1_to_19_km,Romulus Sylvia I,wikipedia_images\60px-CMSylvia.png,,,,,,,,,5.4 Â± 2.8,,,,,,asteroid moon of 87 Sylvia,,
From_1_to_19_km,Masursky 2685,wikipedia_images\60px-Asteroid_2685Masurky.png,,,,,,,,,5.372 Â± 0.085,,,,,,belt asteroid type S,,
From_1_to_19_km,Erriapus Saturn XXVIII,wikipedia_images\60px-Erriapus-discovery-CFHT.gif,,,,,,,,,â‰ˆ 5,,,,,,moon of Saturn,,
From_1_to_19_km,Callirrhoe Jupiter XVII,wikipedia_images\60px-Callirrhoe_-_New_Horizons.gif,,,,,,,,,4.8 Â± 0.65,,,,,,moon of Jupiter,,
From_1_to_19_km,Alexhelios Kleopatra I,wikipedia_images\60px-Kleopatra_moons_-_eso2113e.jpg,,,,,,,,,4.45 Â± 0.8,,,,,,asteroid moon of 216 Kleopatra,,
From_1_to_19_km,Esclangona 1509,,,,,,,,,,4.085 Â± 0.3,,,,,,inner belt asteroid type S ; binary,,
From_1_to_19_km,Themisto Jupiter XVIII,wikipedia_images\60px-S_2000_J_1.jpg,,,,,,,,,â‰ˆ 4,,,,,,moon of Jupiter,,
From_1_to_19_km,Daphnis Saturn XXXV,wikipedia_images\60px-Daphnis_%28Saturn%27s_Moon%29.jpg,,,,,,,,,3.8 Â± 0.8,,,Â·,,0.077 Â± 0.015,moon of Saturn,,
From_1_to_19_km,Petit-Prince Eugenia I,,,,,,,,,,3.5 Â± 1,,,,,,asteroid moon of 45 Eugenia,,
From_1_to_19_km,Praxidike Jupiter XXVII,wikipedia_images\60px-Praxidike-Jewitt-CFHT-annotated.gif,,,,,,,,,3.5 Â± 0.35,,,,,,moon of Jupiter,,
From_1_to_19_km,Bestla Saturn XXXIX,wikipedia_images\60px-Bestla-cassini.png,,,,,,,,,â‰ˆ 3.5,,,,,,moon of Saturn,,
From_1_to_19_km,Remus Sylvia II,wikipedia_images\60px-CMSylvia.png,,,,,,,,,â‰ˆ 3.5,,,,,,asteroid moon of 87 Sylvia,,
From_1_to_19_km,Kalyke Jupiter XXIII,wikipedia_images\60px-Kalyke-Jewitt-CFHT-annotated.gif,,,,,,,,,3.45 Â± 0.65,,,,,,moon of Jupiter,,
From_1_to_19_km,Cleoselene Kleopatra II,wikipedia_images\60px-Kleopatra_moons_-_eso2113e.jpg,,,,,,,,,3.45 Â± 0.8,,,,,,asteroid moon of 216 Kleopatra,,
From_1_to_19_km,S/2019 (31) 1 Euphrosyne I,,,,,,,,,,3.35 Â± 1.2,,,,,,asteroid moon of 31 Euphrosyne,,
From_1_to_19_km,Tempel 1 9P,wikipedia_images\60px-Tempel_1_%28PIA02127%29.jpg,,,,,,,,,3 Â± 0.1,,,,,,Jupiter-family comet ; Deep Impact flyby and impacted,,
From_1_to_19_km,Ireland 5029,,,,,,,,,,3,,,,,,belt asteroid,,
From_1_to_19_km,Phaethon 3200,wikipedia_images\60px-PIA22185.gif,,,,,,,,,2.9,,,,,,Apollo asteroid type F,,
From_1_to_19_km,1999 JM 8 53319,wikipedia_images\60px-Asteroid_1999_JM8.gif,,,,,,,,,2.7 Â± 0.6,,,,,,Apollo asteroid type X,,
From_1_to_19_km,Borrelly 19P,wikipedia_images\60px-Comet_Borrelly_Nucleus.jpg,,,,,,,,,2.66,,,,,,Jupiter-family comet,,
From_1_to_19_km,Å teins 2867,wikipedia_images\60px-2867_%C5%A0teins_by_Rosetta_%28reprocessed%29.png,,,,,,,,,2.58 Â± 0.084,,,,,,belt asteroid type E,,
From_1_to_19_km,Atira 163693,wikipedia_images\60px-Atira.20jan17.u2.s1p0.gif,,,,,,,,,2.4 Â± 0.25,,,,,,Atira asteroid type S ; binary,,
From_1_to_19_km,Annefrank 5535,wikipedia_images\60px-Stardust_-_Annefrank.jpg,,,,,,,,,2.4,,,,,,belt asteroid type S,,
From_1_to_19_km,Balam 3749,wikipedia_images\60px-003749-asteroid_shape_model_%283749%29_Balam.png,,,,,,,,,2.332 Â± 0.107,,,Â·,,0.51 Â± 0.02,belt asteroid type S ; trinary,,
From_1_to_19_km,Pallene Saturn XXXIII,wikipedia_images\60px-Pallene_N1665945513_1.jpg,,,,,,,,,2.22 Â± 0.07,,,,,,moon of Saturn,,
From_1_to_19_km,Florence 3122,wikipedia_images\60px-Triple_asteroid_3122_Florence.gif,,,,,,,,,2.201 Â± 0.015,,,Â·,,0.079 Â± 0.002,Amor asteroid type S ; trinary,,
From_1_to_19_km,Wild 2 81P,wikipedia_images\60px-Wild2_3.jpg,,,,,,,,,2.133,,,,,,Jupiter family comet,,
From_1_to_19_km,Litva 2577,,,,,,,,,,2.115,,,,,,Mars-crosser type EU ; trinary,,
From_1_to_19_km,Churyumovâ€“Gerasimenko 67P,wikipedia_images\60px-67P_Churyumov-Gerasimenko_-_Rosetta_%2832755885495%29.png,,,,,,,,,2,,,Â·,,0.00998,Jupiter-family comet,,
From_1_to_19_km,Donaldjohanson 52246,wikipedia_images\60px-Donaldjohanson_closest_approach.png,,,,,,,,,1.948 Â± 0.007,,,,,,belt asteroid type C,,
From_1_to_19_km,Camelot 9500,,,,,,,,,,1.9,,,,,,belt asteroid,,
From_1_to_19_km,Cuno 4183,wikipedia_images\60px-4183_cuno.jpg,,,,,,,,,1.826 Â± 0.051,,,,,,Apollo asteroid type S / type Q,,
From_1_to_19_km,1986 DA 6178,,,,,,,,,,1.575,,,,,,Amor asteroid type M,,
From_1_to_19_km,Pichi Ã¼Ã±Ã«m Alauda I,,,,,,,,,,1.55 Â± 0.45,,,,,,asteroid moon of 702 Alauda,,
From_1_to_19_km,Toutatis 4179,wikipedia_images\60px-Toutatis.jpg,,,,,,,,,1.516,,,Â·,,0.0505,Apollo asteroid type S,,
From_1_to_19_km,Methone Saturn XXXII,wikipedia_images\60px-Methone_PIA14633.jpg,,,,,,,,,1.45 Â± 0.03,,,,,,moon of Saturn,,
From_1_to_19_km,Carpo (moon) Jupiter XLVI,,,,,,,,,,1.44,,,,,,Moon of Jupiter,,
From_1_to_19_km,1998 QE 2 285263,wikipedia_images\60px-%28285263%29_1998_QE2%2C_Goldstone%2C_May_30%2C_2013.jpg,,,,,,,,,1.375,,,,,,Amor asteroid type S ; binary,,
From_1_to_19_km,Polydeuces Saturn XXXIV,wikipedia_images\60px-Polydeuces.jpg,,,,,,,,,1.3 Â± 0.4,,,,,,moon of Saturn; Dione trojan ( L 5 ),,
From_1_to_19_km,2001 SN 263 153591,wikipedia_images\60px-2001sn263_arecibo.png,,,,,,,,,1.315 Â± 0.2,,,Â·,,0.00951 Â± 0.00013,Amor asteroid type C ; trinary,,
From_1_to_19_km,S/2003 (1509) 1 Esclangona I,,,,,,,,,,1.285,,,,,,asteroid moon of 1509 Esclangona,,
From_1_to_19_km,APL 132524,wikipedia_images\60px-132524_APL_New_Horizons.jpg,,,,,,,,,â‰ˆ 1.25,,,,,,belt asteroid type S,,
From_1_to_19_km,Camillo 3752,wikipedia_images\60px-3752_Camillo_Radar.jpg,,,,,,,,,1.153 Â± 0.044,,,,,,Apollo asteroid type S,,
From_1_to_19_km,Cruithne 3753,wikipedia_images\60px-Cruithne.jpg,,,,,,,,,1.036 Â± 0.053,,,,,,Aten asteroid type Q ; quasi-satellite of Earth,,
Below_1_km,Ra-Shalom 2100,wikipedia_images\60px-2100Ra-Shalom_%28Lightcurve_Inversion%29.png,,,,,,,,,,,,,,,Aten asteroid type C,990 Â± 25,
Below_1_km,Geographos 1620,wikipedia_images\60px-Geographos.jpg,,,,,,,,,,,,,,,Apollo asteroid type S,980 Â± 30,
Below_1_km,Midas 1981,,,,,,,,,,,,,,,,Apollo asteroid type S,975 Â± 35,
Below_1_km,Mithra 4486,,,,,,,,,,,,,,,,Apollo asteroid type S,924.5 Â± 11,
Below_1_km,1998 OH 12538,,,,,,,,,,,,,,,,Apollo asteroid type S,831.5 Â± 164.5,
Below_1_km,Tantalus 2102,wikipedia_images\60px-1862Apollo_%28Lightcurve_Inversion%29.png,,,,,,,,,,,,,,,Apollo asteroid type Q,824.5 Â± 22.5,
Below_1_km,Braille 9969,wikipedia_images\60px-Braille3.jpg,,,,,,,,,,,,,,,Mars-crosser type Q,820,
Below_1_km,2005 GO 21 308242,wikipedia_images\60px-2005GO21-20120617.jpg,,,,,,,,,,,,,,,Aten asteroid type S,780,
Below_1_km,Apollo 1862,wikipedia_images\60px-1862Apollo_%28Lightcurve_Inversion%29.png,,,,,,,,,,,,,,,Apollo asteroid type Q,â‰ˆ 750,
Below_1_km,1999 JD 6 85989,wikipedia_images\60px-Asteroid_1999_JD6.jpg,,,,,,,,,,,,,,,Aten asteroid type K ; contact binary,731 Â± 10.5,
Below_1_km,Icarus 1566,wikipedia_images\60px-Icarus_Goldstone_radar_Jun17.jpg,,,,,,,,,,,,,,,Apollo asteroid type S,730,
Below_1_km,Dactyl Ida I,wikipedia_images\60px-Dactyl-HiRes.jpg,,,,,,,,,,,,,,,asteroid moon of 243 Ida,700,
Below_1_km,Castalia 4769,,,,,,,,,,,,,,,,Apollo asteroid type S ; contact binary,700,
Below_1_km,2007 PA 8 214869,wikipedia_images\60px-Pa8radar.jpg,,,,,,,,,,,,,,,Apollo asteroid type Q,675 Â± 70,
Below_1_km,Moshup 66391,wikipedia_images\60px-1999kw4_vlt-eso1910.jpg,,,,,,,,,,,,Â·,,,Aten asteroid type S ; binary,658.5 Â± 20,2490 Â± 54
Below_1_km,1950 DA 29075,wikipedia_images\60px-1950_DA_%28color%29.png,,,,,,,,,,,,Â·,,,Apollo asteroid type S,653,â‰ˆ 2000
Below_1_km,2006 HY 51 394130,,,,,,,,,,,,,,,,Apollo asteroid,609 Â± 114,
Below_1_km,Hartley 2 103P,wikipedia_images\60px-Comet_Hartley_2_%28super_crop%29.jpg,,,,,,,,,,,,Â·,,,Jupiter-family comet,570 Â± 80,â‰ˆ 300
Below_1_km,2003 SD 220 163899,wikipedia_images\60px-PIA20279.jpg,,,,,,,,,,,,,,,Aten asteroid type S,515,
Below_1_km,Nyx 3908,wikipedia_images\60px-3908_nyx-s02.jpg,,,,,,,,,,,,,,,Amor asteroid type V,500 Â± 75,
Below_1_km,2001 WN 5 153814,,,,,,,,,,,,,,,,Apollo asteroid,466 Â± 5.5,
Below_1_km,2017 YE 5,wikipedia_images\60px-PIA22559.gif,,,,,,,,,,,,,,,Apollo asteroid type S ; binary,450 Â± 25,
Below_1_km,Ryugu 162173,wikipedia_images\60px-Ryugu_colored.jpg,,,,,,,,,,,,Â·,,,Apollo asteroid type Cg,432.5 Â± 7.5,â‰ˆ 450
Below_1_km,1997 AE 12 162058,,,,,,,,,,,,,,,,Amor asteroid type S,423.5 Â± 6.5,
Below_1_km,2014 JO 25,wikipedia_images\60px-PIA21597_-_New_Radar_Images_of_Asteroid_2014_JO25_%28cropped%29.gif,,,,,,,,,,,,,,,Apollo asteroid type S ; contact binary,409,
Below_1_km,Hermes 69230,wikipedia_images\60px-Hermes_planetoid.jpg,,,,,,,,,,,,,,,Apollo asteroid type Sq,400 Â± 50,
Below_1_km,Didymos 65803,wikipedia_images\60px-Didymos-Dimorphos_0401929889_03770_crop.png,,,,,,,,,,,,Â·,,,Apollo asteroid type Xk ; binary,390 Â± 4,527
Below_1_km,Aten 2062,,,,,,,,,,,,,,,,Aten asteroid type S,365 Â± 15,
Below_1_km,Aegaeon Saturn LIII,wikipedia_images\60px-N1643264379_1.jpg,,,,,,,,,,,,,,,moon of Saturn,330 Â± 60,
Below_1_km,2015 TB 145,wikipedia_images\60px-Skull2015-TB145.jpg,,,,,,,,,,,,,,,Apollo asteroid type S,325 Â± 15,
Below_1_km,1994 CC 136617,wikipedia_images\60px-1994CC-with-moons.gif,,,,,,,,,,,,Â·,,,Apollo asteroid type Sq ; trinary,310 Â± 30,266 Â± 32.9
Below_1_km,2001 WR 1 172034,,,,,,,,,,,,,,,,Amor asteroid type S,315.5 Â± 9,
Below_1_km,Golevka 6489,wikipedia_images\60px-Asteroid-golevka.jpeg,,,,,,,,,,,,,,,Apollo asteroid type Q,265 Â± 15,
Below_1_km,Bennu 101955,wikipedia_images\60px-Bennu_mosaic_OSIRIS-REx_%28square%29.png,,,,,,,,,,,,Â·,,,Apollo asteroid type B,262.5 Â± 37.5,78 Â± 9
Below_1_km,2000 WO 107 153201,wikipedia_images\60px-2000WO107-20201128.jpg,,,,,,,,,,,,,,,Aten asteroid type X,255 Â± 41.5,
Below_1_km,2002 CU 11 163132,,,,,,,,,,,,,,,,Apollo asteroid,230 Â± 8.5,
Below_1_km,Squannit Moshup I,wikipedia_images\60px-1999kw4_vlt-eso1910.jpg,,,,,,,,,,,,,,,asteroid moon of 66391 Moshup,225.5 Â± 13.5,
Below_1_km,2014 HQ 124,wikipedia_images\60px-PIA17829-Asteroid-2013YP139-20131229.jpg,,,,,,,,,,,,,,,Aten asteroid type S,204.5 Â± 84,
Below_1_km,2013 YP 139,wikipedia_images\60px-PIA18412-Asteroid2014HQ124-20140608.jpg,,,,,,,,,,,,,,,Apollo asteroid,201 Â± 13,
Below_1_km,2008 EV 5 341843,wikipedia_images\60px-Asteroid-2008EV5-ShapeModel-20111006.gif,,,,,,,,,,,,,,,Aten asteroid type X / type C,200 Â± 7,
Below_1_km,2006 DP 14 388188,wikipedia_images\60px-Asteroid2006DP14.jpg,,,,,,,,,,,,,,,Apollo asteroid type S ; contact binary,â‰ˆ 200,
Below_1_km,1988 EG 6037,,,,,,,,,,,,,,,,Apollo asteroid type S,199.5 Â± 1.35,
Below_1_km,2010 TK 7 706765,wikipedia_images\60px-PIA14405-full_crop.jpg,,,,,,,,,,,,,,,Aten asteroid ; Earth trojan ( L 4 ),189.5 Â± 61.5,
Below_1_km,2006 SU 49 292220,,,,,,,,,,,,,Â·,,,Apollo asteroid,â‰ˆ 188.5,â‰ˆ 73
Below_1_km,2005 YU 55 308635,wikipedia_images\60px-2005YU55-20111107.jpg,,,,,,,,,,,,,,,Apollo asteroid type C,180 Â± 20,
Below_1_km,2010 SO 16,,,,,,,,,,,,,,,,Apollo asteroid; co-orbital with Earth,178.5 Â± 63,
Below_1_km,Itokawa 25143,wikipedia_images\60px-Itokawa06_hayabusa.jpg,,,,,,,,,,,,Â·,,,Apollo asteroid type S,173,35.1 Â± 1.05
Below_1_km,Apophis 99942,wikipedia_images\60px-99942_Apophis_shape.png,,,,,,,,,,,,Â·,,,Aten asteroid type Sq,162.5 Â± 7.5,â‰ˆ 61
Below_1_km,S/2009 S 1,wikipedia_images\60px-PIA11665_moonlet_in_B_Ring_cropped.jpg,,,,,,,,,,,,,,,moon of Saturn,â‰ˆ 150,
Below_1_km,2005 WK 4 277475,wikipedia_images\60px-Radar_Goldstone_%28277475%29_2005_WK4.jpg,,,,,,,,,,,,,,,Apollo asteroid type S,142,
Below_1_km,2004 BL 86 357439,wikipedia_images\60px-Radar_images_of_2004_BL86_and_its_moon_2.gif,,,,,,,,,,,,,,,Apollo asteroid type V ; binary,131.5 Â± 13,
Below_1_km,2007 TU 24,wikipedia_images\60px-2007_TU24_radar_image_20080128.jpg,,,,,,,,,,,,,,,Apollo asteroid type S,125,
Below_1_km,Zoozve 524522,,,,,,,,,,,,,,,,Aten asteroid type X ; co-orbital with Venus,â‰ˆ 118,
Below_1_km,2011 UW 158 436724,wikipedia_images\60px-2011UW158.jul14.p05us.p27Hz%281%29.gif,,,,,,,,,,,,,,,Apollo asteroid type S,110 Â± 20,
Below_1_km,Dimorphos Didymos I,,,,,,,,,,,,,,,,asteroid moon of 65803 Didymos,85 Â± 15,
Below_1_km,2017 BQ 6,wikipedia_images\60px-2017_BQ6_radar_rotation.gif,,,,,,,,,,,,,,,Apollo asteroid type S,78,
Below_1_km,YORP 54509,wikipedia_images\60px-54509_YORP_image_radar_and_3D_model.gif,,,,,,,,,,,,,,,Apollo asteroid type S,61.8,
Below_1_km,KamoÊ»oalewa 469219,,,,,,,,,,,,,,,,Apollo asteroid type S ; quasi-satellite of Earth,41,
Below_1_km,Duende 367943,wikipedia_images\60px-Radar-2012DA14-Goldstone.jpg,,,,,,,,,,,,,,,Aten asteroid type L,23.75,
Below_1_km,1998 KY 26,wikipedia_images\60px-Asteroid_1998_KY26.faces_model.jpg,,,,,,,,,,,,,,,Apollo asteroid type X,â‰ˆ 15,
Below_1_km,2012 TC 4,wikipedia_images\60px-2012_TC4_radar_animation_before_closest_approach.gif,,,,,,,,,,,,,,,Apollo asteroid type E / type Xe,11.5,
Below_1_km,2014 RC,,,,,,,,,,,,,,,,Apollo asteroid type Sq,â‰ˆ 11,
Below_1_km,2010 RF 12,,,,,,,,,,,,,,,,Apollo asteroid,â‰ˆ 3.5,â‰ˆ 0.0005
Below_1_km,2011 MD,wikipedia_images\60px-PIA18453-Asteroid2011MD-SpitzerSpaceTelescope-IRAC-Feb2014.jpg,,,,,,,,,,,,,,,Apollo asteroid/ Amor asteroid type S,3 +2 âˆ’1,
Below_1_km,2008 TC 3,wikipedia_images\60px-2008_TC3_Tumbling_%28reduced%29.gif,,,,,,,,,,,,Â·,,,Apollo asteroid type F / type M,2.05,0.00008
Below_1_km,2023 BU,,,,,,,,,,,,,,,,Apollo asteroid,1.5,
Below_1_km,2008 TS 26,,,,,,,,,,,,,,,,Apollo asteroid,â‰ˆ 0.49,
Below_1_km,2015 FF 415,,,,,,,,,,,,,,,,Near-Earth object,â‰ˆ 0.25,
