id,name,englishName,isPlanet,moons,semimajorAxis,perihelion,aphelion,eccentricity,inclination,mass,vol,density,gravity,escape,meanRadius,aroundPlanet,discoveredBy,discoveryDate,axialTilt,avgTemp,mainAnomaly,argPeriapsis,longAscNode,bodyType,mass_value,mass_exponent,mass_kg,vol_value,vol_exponent,vol_km3,moon_count
lune,La Lune,Moon,False,,384400,363300,405500,0.0549,5.145,{},{},3.344,1.62,2380.0,1737.0,{},,,6.68,0,0.0,0.0,0.0,Moon,0,0,0,0,0,0,0
phobos,Phobos,Phobos,False,,9378,9234,9518,0.0151,1.075,{},{},1.9,0.0057,11.39,11.1,{},Asaph Hall,12/08/1877,0.0,0,0.0,0.0,0.0,Moon,0,0,0,0,0,0,0
deimos,Deïmos,Deimos,False,,23459,23456,23471,0.0002,1.075,{},{},1.75,0.003,5.556,6.2,{},Asaph Hall,12/08/1877,0.0,0,0.0,0.0,0.0,Moon,0,0,0,0,0,0,0
io,Io,Io,False,,421800,420071,423529,0.004,0.036,{},,3.53,1.79,0.0,1821.5,{},Galileo Galilei,07/01/1610,0.0,0,0.0,0.0,0.0,Moon,0,0,0,0,0,0,0
europe,Europe,Europa,False,,671100,0,0,0.009,0.466,{},,3.01,1.31,0.0,1560.8,{},Galileo Galilei,08/01/1610,0.0,0,0.0,0.0,0.0,Moon,0,0,0,0,0,0,0
ganymede,Ganymède,Ganymede,False,,1070400,0,0,0.001,0.177,{},,1.94,1.428,0.0,2631.2,{},Galileo Galilei,11/01/1610,0.0,0,0.0,0.0,0.0,Moon,0,0,0,0,0,0,0
callisto,Callisto,Callisto,False,,1882700,0,0,0.007,0.192,{},,1.83,1.235,0.0,2410.3,{},Galileo Galilei,07/01/1610,0.0,0,0.0,0.0,0.0,Moon,0,0,0,0,0,0,0
amalthee,Amalthée,Amalthea,False,,181400,181150,182840,0.003,0.38,{},,3.1,0.02,0.0,84.0,{},E. Barnard,09/09/1892,0.0,0,0.0,0.0,0.0,Moon,0,0,0,0,0,0,0
himalia,Himalia,Himalia,False,,11461000,9782900,13082000,0.162,27.5,{},,1.0,0.062,0.0,85.0,{},C. Perrine,03/12/1904,0.0,0,0.0,0.0,0.0,Moon,0,0,0,0,0,0,0
elara,Élara,Elara,False,,11741000,0,0,0.217,26.63,{},,1.0,0.031,0.0,40.0,{},C. Perrine,02/01/1905,0.0,0,0.0,0.0,0.0,Moon,0,0,0,0,0,0,0
pasiphae,Pasiphaé,Pasiphae,False,,23624000,0,0,0.409,151.4,{},,1.0,0.022,0.0,18.0,{},P. Melotte,27/01/1908,0.0,0,0.0,0.0,0.0,Moon,0,0,0,0,0,0,0
sinope,Sinopé,Sinope,False,,23939000,0,0,0.25,158.1,{},,1.0,0.014,0.0,14.0,{},Seth Barnes Nicholson,21/07/1914,0.0,0,0.0,0.0,0.0,Moon,0,0,0,0,0,0,0
lysithea,Lysithéa,Lysithea,False,,11717000,0,0,0.112,28.3,{},,1.0,0.013,0.0,12.0,{},Seth Barnes Nicholson,06/07/1938,0.0,0,0.0,0.0,0.0,Moon,0,0,0,0,0,0,0
carme,Carmé,Carme,False,,23404000,0,0,0.253,164.9,{},,1.0,0.017,0.0,15.0,{},Seth Barnes Nicholson,30/07/1938,0.0,0,0.0,0.0,0.0,Moon,0,0,0,0,0,0,0
ananke,Ananké,Ananke,False,,21276000,0,0,0.244,148.9,{},,1.0,0.01,0.0,10.0,{},Seth Barnes Nicholson,28/09/1951,0.0,0,0.0,0.0,0.0,Moon,0,0,0,0,0,0,0
leda,Léda,Leda,False,,11165000,0,0,0.164,27.46,{},,1.0,0.0073,0.0,5.0,{},Charles Kowa,11/09/1974,0.0,0,0.0,0.0,0.0,Moon,0,0,0,0,0,0,0
thebe,Thébé,Thebe,False,,221900,218000,226000,0.018,1.08,{},,1.0,0.02,0.0,49.0,{},Stephen P. Synnott,05/03/1979,0.0,0,0.0,0.0,0.0,Moon,0,0,0,0,0,0,0
adrastee,Adrastée,Adrastea,False,,129000,0,0,0.002,0.054,{},,1.0,0.002,0.0,8.0,{},"David C. Jewitt, G. E. Danielson",08/07/1979,0.0,0,0.0,0.0,0.0,Moon,0,0,0,0,0,0,0
metis,Métis,Metis,False,,128000,127974,128026,0.001,0.019,{},,1.0,0.005,0.0,22.0,{},Stephen P. Synnott,04/03/1979,0.0,0,0.0,0.0,0.0,Moon,0,0,0,0,0,0,0
callirrhoe,Callirrhoé,Callirrhoe,False,,24102000,0,0,0.283,147.1,{},,1.0,0.0031,0.0,4.0,{},J.V. Scott,06/10/1999,0.0,0,0.0,0.0,0.0,Moon,0,0,0,0,0,0,0
themisto,Thémisto,Themisto,False,,7507000,5909000,8874300,0.242,43.08,{},,1.0,0.0029,0.0,4.0,{},"Charles Kowal 1975 - Scott S. Sheppard, David C. Jewitt 2000",30/09/1975,0.0,0,0.0,0.0,0.0,Moon,0,0,0,0,0,0,0
megaclite,Mégaclité,Megaclite,False,,23806000,0,0,0.421,152.8,{},,1.0,0.0,0.0,2.7,{},"Scott S. Sheppard, David C. Jewitt",23/11/2000,0.0,0,0.0,0.0,0.0,Moon,0,0,0,0,0,0,0
taygete,Taygété,Taygete,False,,23360000,0,0,0.252,165.2,{},,1.0,0.0,0.0,2.5,{},"Scott S. Sheppard, David C. Jewitt",23/11/2000,0.0,0,0.0,0.0,0.0,Moon,0,0,0,0,0,0,0
chaldene,Chaldéné,Chaldene,False,,23179000,0,0,0.251,165.2,{},,1.0,0.0,0.0,1.9,{},"Scott S. Sheppard, David C. Jewitt",23/11/2000,0.0,0,0.0,0.0,0.0,Moon,0,0,0,0,0,0,0
harpalyke,Harpalyké,Harpalyke,False,,21105000,0,0,0.226,148.6,{},,1.0,0.0,0.0,2.2,{},"Scott S. Sheppard, David C. Jewitt",23/11/2000,0.0,0,0.0,0.0,0.0,Moon,0,0,0,0,0,0,0
kalyke,Kalyké,Kalyke,False,,23583000,0,0,0.245,165.2,{},,1.0,0.0,0.0,2.6,{},"Scott S. Sheppard, David C. Jewitt",23/11/2000,0.0,0,0.0,0.0,0.0,Moon,0,0,0,0,0,0,0
iocaste,Iocasté,Iocaste,False,,21269000,0,0,0.216,149.4,{},,1.0,0.0,0.0,2.6,{},"Scott S. Sheppard, David C. Jewitt",23/11/2000,0.0,0,0.0,0.0,0.0,Moon,0,0,0,0,0,0,0
erinome,Erinomé,Erinome,False,,23279000,0,0,0.266,164.9,{},,1.0,0.0,0.0,1.6,{},"Scott S. Sheppard, David C. Jewitt",23/11/2000,0.0,0,0.0,0.0,0.0,Moon,0,0,0,0,0,0,0
isonoe,Isonoé,Isonoe,False,,23217000,0,0,0.246,165.2,{},,1.0,0.0,0.0,1.9,{},"Scott S. Sheppard, David C. Jewitt",23/11/2000,0.0,0,0.0,0.0,0.0,Moon,0,0,0,0,0,0,0
praxidike,Praxidyké,Praxidike,False,,21147000,0,0,0.23,149.0,{},,1.0,0.0,0.0,3.4,{},"Scott S. Sheppard, David C. Jewitt",23/11/2000,0.0,0,0.0,0.0,0.0,Moon,0,0,0,0,0,0,0
autonoe,Autonoé,Autonoe,False,,23039000,0,0,0.334,152.9,{},,1.0,0.0015,0.0,2.0,{},"Scott S. Sheppard, David C. Jewitt",10/12/2001,0.0,0,0.0,0.0,0.0,Moon,0,0,0,0,0,0,0
thyone,Thyoné,Thyone,False,,20940000,0,0,0.229,148.5,{},,1.0,0.0015,0.0,2.0,{},"Scott S. Sheppard, David C. Jewitt",11/12/2001,0.0,0,0.0,0.0,0.0,Moon,0,0,0,0,0,0,0
hermippe,Hermippé,Hermippe,False,,21131000,0,0,0.21,150.7,{},,1.0,0.0015,0.0,2.0,{},"Scott S. Sheppard, David C. Jewitt",19/12/2001,0.0,0,0.0,0.0,0.0,Moon,0,0,0,0,0,0,0
aitne,Aitné,Aitne,False,,23231000,0,0,0.264,165.1,{},,1.0,0.0012,0.0,1.5,{},"Scott S. Sheppard, David C. Jewitt",19/12/2001,0.0,0,0.0,0.0,0.0,Moon,0,0,0,0,0,0,0
eurydome,Eurydomé,Eurydome,False,,22865000,0,0,0.276,150.3,{},,1.0,0.0012,0.0,1.5,{},"Scott S. Sheppard, David C. Jewitt",19/12/2001,0.0,0,0.0,0.0,0.0,Moon,0,0,0,0,0,0,0
euanthe,Euanthé,Euanthe,False,,20799000,0,0,0.232,148.9,{},,1.0,0.0012,0.0,1.5,{},"Scott S. Sheppard, David C. Jewitt",11/12/2001,0.0,0,0.0,0.0,0.0,Moon,0,0,0,0,0,0,0
euporie,Euporie,Euporie,False,,19302000,0,0,0.144,145.8,{},,1.0,0.0,0.0,1.0,{},"Scott S. Sheppard, David C. Jewitt",11/12/2001,0.0,0,0.0,0.0,0.0,Moon,0,0,0,0,0,0,0
orthosie,Orthosie,Orthosie,False,,20721000,0,0,0.281,145.9,{},,1.0,0.00081,0.0,1.0,{},"Scott S. Sheppard, David C. Jewitt",11/12/2001,0.0,0,0.0,0.0,0.0,Moon,0,0,0,0,0,0,0
sponde,Spondé,Sponde,False,,23487000,0,0,0.312,151.0,{},,1.0,0.00081,0.0,1.0,{},"Scott S. Sheppard, David C. Jewitt",19/12/2001,0.0,0,0.0,0.0,0.0,Moon,0,0,0,0,0,0,0
cale,Calé,Kale,False,,23217000,0,0,0.26,165.0,{},,1.0,0.00081,0.0,1.0,{},"Scott S. Sheppard, David C. Jewitt",19/12/2001,0.0,0,0.0,0.0,0.0,Moon,0,0,0,0,0,0,0
pasithee,Pasithée,Pasithee,False,,23096000,0,0,0.267,165.1,{},,1.0,0.00081,0.0,1.0,{},"Scott S. Sheppard, David C. Jewitt",11/12/2001,0.0,0,0.0,0.0,0.0,Moon,0,0,0,0,0,0,0
hegemone,Hégémone,Hegemone,False,,23947000,0,0,0.328,155.2,{},,1.0,0.0,0.0,2.0,{},"Scott S. Sheppard, David C. Jewitt",2003,0.0,0,0.0,0.0,0.0,Moon,0,0,0,0,0,0,0
mneme,Mnémé,Mneme,False,,21069000,0,0,0.227,148.6,{},,1.0,0.0,0.0,2.0,{},"Scott S. Sheppard, David C. Jewitt",2003,0.0,0,0.0,0.0,0.0,Moon,0,0,0,0,0,0,0
aoede,Aoedé,Aoede,False,,23981000,0,0,0.432,158.3,{},,1.0,0.0,0.0,2.0,{},"Scott S. Sheppard, David C. Jewitt",2003,0.0,0,0.0,0.0,0.0,Moon,0,0,0,0,0,0,0
thelxinoe,Thelxinoé,Thelxinoe,False,,21162000,0,0,0.221,151.4,{},,1.0,0.0,0.0,2.0,{},"Scott S. Sheppard, David C. Jewitt",2003,0.0,0,0.0,0.0,0.0,Moon,0,0,0,0,0,0,0
arche,Arché,Arche,False,,22931000,0,0,0.259,165.0,{},,1.0,0.0012,0.0,1.5,{},"Scott S. Sheppard, David C. Jewitt",31/10/2002,0.0,0,0.0,0.0,0.0,Moon,0,0,0,0,0,0,0
callichore,Callichore,Kallichore,False,,24043000,0,0,0.264,165.5,{},,1.0,0.0,0.0,2.0,{},"Scott S. Sheppard, David C. Jewitt",2003,0.0,0,0.0,0.0,0.0,Moon,0,0,0,0,0,0,0
helice,Hélicé,Helike,False,,21263000,0,0,0.156,154.8,{},,1.0,0.0,0.0,4.0,{},"Scott S. Sheppard, David C. Jewitt",2003,0.0,0,0.0,0.0,0.0,Moon,0,0,0,0,0,0,0
carpo,Carpo,Carpo,False,,16989000,0,0,0.43,51.4,{},,1.0,0.0,0.0,3.0,{},"Scott S. Sheppard, David C. Jewitt",2003,0.0,0,0.0,0.0,0.0,Moon,0,0,0,0,0,0,0
eukelade,Eukéladé,Eukelade,False,,23661000,0,0,0.272,165.5,{},,1.0,0.0,0.0,4.0,{},"Scott S. Sheppard, David C. Jewitt",2003,0.0,0,0.0,0.0,0.0,Moon,0,0,0,0,0,0,0
cyllene,Cyllène,Cyllene,False,,24349000,0,0,0.319,149.3,{},,1.0,0.0,0.0,1.0,{},"Scott S. Sheppard, David C. Jewitt",2003,0.0,0,0.0,0.0,0.0,Moon,0,0,0,0,0,0,0
core,Coré,Kore,False,,24543000,0,0,0.325,145.0,{},,1.0,0.0,0.0,1.0,{},"Scott S. Sheppard, David C. Jewitt",2003,0.0,0,0.0,0.0,0.0,Moon,0,0,0,0,0,0,0
herse,Hersé,Herse,False,,23097000,0,0,0.2,164.2,{},,1.0,0.0,0.0,2.0,{},"Scott S. Sheppard, David C. Jewitt",2003,0.0,0,0.0,0.0,0.0,Moon,0,0,0,0,0,0,0
s2003j2,S/2003 J 2,S/2003 J 2,False,,28570410,0,0,0.38,151.8,{},,1.0,0.0,0.0,1.0,{},"Scott S. Sheppard, David C. Jewitt",2003,0.0,0,0.0,0.0,0.0,Moon,0,0,0,0,0,0,0
eupheme,Euphémé,Eupheme,False,,21199710,0,0,0.253,148.0,{},,1.0,0.0,0.0,1.0,{},"Scott S. Sheppard, David C. Jewitt",2003,0.0,0,0.0,0.0,0.0,Moon,0,0,0,0,0,0,0
s2003j4,S/2003 J 4,S/2003 J 4,False,,23257920,0,0,0.204,144.9,{},,1.0,0.0,0.0,1.0,{},"Scott S. Sheppard, David C. Jewitt",2003,0.0,0,0.0,0.0,0.0,Moon,0,0,0,0,0,0,0
eirene,Eiréné,Eirene,False,,23731770,0,0,0.22,163.1,{},,1.0,0.0,0.0,2.0,{},"Scott S. Sheppard, David C. Jewitt",2003,0.0,0,0.0,0.0,0.0,Moon,0,0,0,0,0,0,0
s2003j9,S/2003 J 9,S/2003 J 9,False,,22441680,0,0,0.269,164.5,{},,1.0,0.0,0.0,0.5,{},"Scott S. Sheppard, David C. Jewitt",2003,0.0,0,0.0,0.0,0.0,Moon,0,0,0,0,0,0,0
s2003j10,S/2003 J 10,S/2003 J 10,False,,22896000,0,0,0.214,164.1,{},,1.0,0.0,0.0,1.0,{},"Scott S. Sheppard, David C. Jewitt",2003,0.0,0,0.0,0.0,0.0,Moon,0,0,0,0,0,0,0
s2003j12,S/2003 J 12,S/2003 J 12,False,,21557740,0,0,0.376,145.8,{},,1.0,0.0,0.0,0.5,{},"Scott S. Sheppard, David C. Jewitt",2003,0.0,0,0.0,0.0,0.0,Moon,0,0,0,0,0,0,0
philophrosyne,Philophrosyne,Philophrosyne,False,,22819950,0,0,0.194,143.6,{},,1.0,0.0,0.0,1.0,{},"Scott S. Sheppard, David C. Jewitt",2003,0.0,0,0.0,0.0,0.0,Moon,0,0,0,0,0,0,0
s2003j16,S/2003 J 16,S/2003 J 16,False,,21000000,0,0,0.23,148.5,{},,1.0,0.0,0.0,1.0,{},"Scott S. Sheppard, David C. Jewitt",2003,0.0,0,0.0,0.0,0.0,Moon,0,0,0,0,0,0,0
s2003j18,S/2003 J 18,S/2003 J 18,False,,20274000,0,0,0.105,146.4,{},,1.0,0.0,0.0,1.0,{},"Scott S. Sheppard, David C. Jewitt",2003,0.0,0,0.0,0.0,0.0,Moon,0,0,0,0,0,0,0
s2003j19,S/2003 J 19,S/2003 J 19,False,,22800000,0,0,0.334,162.9,{},,1.0,0.0,0.0,1.0,{},"Scott S. Sheppard, David C. Jewitt",2003,0.0,0,0.0,0.0,0.0,Moon,0,0,0,0,0,0,0
s2003j23,S/2003 J 23,S/2003 J 23,False,,24055500,0,0,0.309,149.2,{},,1.0,0.00081,0.0,1.0,{},"Scott S. Sheppard, David C. Jewitt",2003,0.0,0,0.0,0.0,0.0,Moon,0,0,0,0,0,0,0
mimas,Mimas,Mimas,False,,185539,181770,189270,0.0202,1.53,{},,1.15,0.0,0.0,396.4,{},William Herschel,17/09/1789,0.0,0,0.0,0.0,0.0,Moon,0,0,0,0,0,0,0
encelade,Encelade,Enceladus,False,,238042,236830,239066,0.0045,0.0,{},,1.61,0.0,0.0,504.2,{},William Herschel,28/08/1789,0.0,0,0.0,0.0,0.0,Moon,0,0,0,0,0,0,0
tethys,Téthys,Tethys,False,,294672,294589,294648,0.0001,1.86,{},,0.985,0.0,0.0,1066.0,{},Jean-Dominique Cassini,21/03/1684,0.0,0,0.0,0.0,0.0,Moon,0,0,0,0,0,0,0
dione,Dioné,Dione,False,,377420,376580,378260,0.0022,0.002,{},,1.48,0.0,0.0,1123.4,{},Jean-Dominique Cassini,21/03/1684,0.0,0,0.0,0.0,0.0,Moon,0,0,0,0,0,0,0
rhea,Rhéa,Rhea,False,,527068,526543,527597,0.001,0.35,{},,1.24,0.0,0.0,1528.6,{},Jean-Dominique Cassini,23/12/1672,0.0,0,0.0,0.0,0.0,Moon,0,0,0,0,0,0,0
titan,Titan,Titan,False,,1221865,1186680,1257060,0.0292,0.33,{},,1.88,0.0,0.0,2575.0,{},Christian Huygens,25/03/1655,0.0,0,0.0,0.0,0.0,Moon,0,0,0,0,0,0,0
hyperion,Hypérion,Hyperion,False,,1500933,1466112,1535756,0.123,0.43,{},,0.55,0.0,0.0,266.0,{},"William Cranch Bond, George Phillips Bond",16/09/1848,0.0,0,0.0,0.0,0.0,Moon,0,0,0,0,0,0,0
japet,Japet,Iapetus,False,,3560854,3460068,3661612,0.0283,14.72,{},,1.09,0.0,0.0,1471.2,{},Jean-Dominique Cassini,25/10/1671,0.0,0,0.0,0.0,0.0,Moon,0,0,0,0,0,0,0
phoebe,Phœbé,Phoebe,False,,12944300,0,0,0.164,174.8,{},,1.64,0.0,0.0,214.4,{},William Henry Pickering,17/03/1899,0.0,0,0.0,0.0,0.0,Moon,0,0,0,0,0,0,0
janus,Janus,Janus,False,,151500,0,0,0.007,0.14,{},,0.63,0.0,0.0,89.5,{},Audouin Dollfus,15/12/1966,0.0,0,0.0,0.0,0.0,Moon,0,0,0,0,0,0,0
epimethee,Epiméthée,Epimetheus,False,,151400,0,0,0.009,0.34,{},,0.64,0.0,0.0,113.4,{},Richard L. Walker,18/12/1966,0.0,0,0.0,0.0,0.0,Moon,0,0,0,0,0,0,0
helene,Hélène,Helene,False,,377396,0,0,0.0022,0.199,,,1.3,0.0,0.0,17.6,{},"Pierre Laques, Raymond Despiau, Jean Lecacheux",01/03/1980,0.0,0,0.0,0.0,0.0,Moon,0,0,0,0,0,0,0
telesto,Télesto,Telesto,False,,294720,0,0,0.001,1.158,{},,1.0,0.0,0.0,12.4,{},"Bradford A. Smith, Harold J. Reitsema, Stephen M. Larson, John W. Fountain",08/04/1980,0.0,0,0.0,0.0,0.0,Moon,0,0,0,0,0,0,0
calypso,Calypso,Calypso,False,,294720,0,0,0.001,1.473,{},,1.0,0.0,0.0,10.7,{},"Dan Pascu, P. Kenneth Seidelmann, William A. Baum, Douglas Currie",13/03/1980,0.0,0,0.0,0.0,0.0,Moon,0,0,0,0,0,0,0
atlas,Atlas,Atlas,False,,137700,0,0,0.0,0.3,{},,0.5,0.0,0.0,15.1,{},Richard J. Terrile,12/11/1980,0.0,0,0.0,0.0,0.0,Moon,0,0,0,0,0,0,0
promethee,Prométhée,Prometheus,False,,139400,0,0,0.00204,0.0,{},,0.48,0.0,0.0,43.1,{},"Stewart A. Collins, D. Carlson",??/10/1980,0.0,0,0.0,0.0,0.0,Moon,0,0,0,0,0,0,0
pandore,Pandore,Pandora,False,,141700,0,0,0.0042,0.0,{},,0.49,0.0,0.0,40.7,{},Stewart A. Collins,??/10/1980,0.0,0,0.0,0.0,0.0,Moon,0,0,0,0,0,0,0
pan,Pan,Pan,False,,133600,0,0,0.0,0.0,{},,0.42,0.0,0.0,14.1,{},Mark R. Showalter,22/08/1981,0.0,0,0.0,0.0,0.0,Moon,0,0,0,0,0,0,0
ymir,Ymir,Ymir,False,,23040000,0,0,0.187,167.9,{},,1.0,0.0,0.0,9.0,{},Brett J. Gladman,07/08/2000,0.0,0,0.0,0.0,0.0,Moon,0,0,0,0,0,0,0
paaliaq,Paaliaq,Paaliaq,False,,15200000,6908035,23139965,0.364,47.2,{},,1.0,0.0,0.0,10.0,{},"John J. Kavelaars, Brett J. Gladman",07/08/2000,0.0,0,0.0,0.0,0.0,Moon,0,0,0,0,0,0,0
tarvos,Tarvos,Tarvos,False,,17983000,0,0,0.531,33.8,{},,1.0,0.0,0.0,7.0,{},"John J. Kavelaars, Brett J. Gladman",23/09/2000,0.0,0,0.0,0.0,0.0,Moon,0,0,0,0,0,0,0
ijiraq,Ijiraq,Ijiraq,False,,11124000,0,0,0.316,49.1,{},,1.0,0.0,0.0,5.0,{},"John J. Kavelaars, Brett J. Gladman",23/09/2000,0.0,0,0.0,0.0,0.0,Moon,0,0,0,0,0,0,0
suttungr,Suttungr,Suttungr,False,,19459000,0,0,0.114,175.8,{},,1.0,0.0,0.0,3.0,{},"John J. Kavelaars, Brett J. Gladman",23/09/2000,0.0,0,0.0,0.0,0.0,Moon,0,0,0,0,0,0,0
kiviuq,Kiviuq,Kiviuq,False,,11111000,0,0,0.334,48.7,{},,1.0,0.0,0.0,7.0,{},Brett J. Gladman,07/08/2000,0.0,0,0.0,0.0,0.0,Moon,0,0,0,0,0,0,0
mundilfari,Mundilfari,Mundilfari,False,,18685000,0,0,0.21,169.4,{},,1.0,0.0,0.0,3.0,{},"John J. Kavelaars, Brett J. Gladman",23/09/2000,0.0,0,0.0,0.0,0.0,Moon,0,0,0,0,0,0,0
albiorix,Albiorix,Albiorix,False,,16182000,0,0,0.469,34.0,{},,1.0,0.0,0.0,13.0,{},"John J. Kavelaars, Brett J. Gladman",09/11/2000,0.0,0,0.0,0.0,0.0,Moon,0,0,0,0,0,0,0
skathi,Skathi,Skathi,False,,15541000,0,0,0.27,148.5,{},,1.0,0.0,0.0,3.0,{},"John J. Kavelaars, Brett J. Gladman",23/09/2000,0.0,0,0.0,0.0,0.0,Moon,0,0,0,0,0,0,0
erriapo,Erriapo,Erriapus,False,,17343000,0,0,0.474,34.6,{},,1.0,0.0,0.0,4.0,{},"John J. Kavelaars, Brett J. Gladman",23/09/2000,0.0,0,0.0,0.0,0.0,Moon,0,0,0,0,0,0,0
siarnaq,Siarnaq,Siarnaq,False,,17531000,0,0,0.295,45.6,{},,1.0,0.0,0.0,16.0,{},"John J. Kavelaars, Brett J. Gladman",23/09/2000,0.0,0,0.0,0.0,0.0,Moon,0,0,0,0,0,0,0
thrymr,Thrymr,Thrymr,False,,20474000,0,0,0.47,175.0,{},,1.0,0.0,0.0,3.0,{},"John J. Kavelaars, Brett J. Gladman",23/09/2000,0.0,0,0.0,0.0,0.0,Moon,0,0,0,0,0,0,0
narvi,Narvi,Narvi,False,,19007000,0,0,0.431,145.8,{},,1.0,0.0,0.0,3.0,{},"Scott S. Sheppard, David C. Jewitt, Jan Kleyna",05/02/2003,0.0,0,0.0,0.0,0.0,Moon,0,0,0,0,0,0,0
methone,Méthone,Methone,False,,194000,194421,194459,0.0001,0.0,{},,1.0,0.0,0.0,1.6,{},"Carolyn C. Porco, Sébastien Charnoz",01/06/2004,0.0,0,0.0,0.0,0.0,Moon,0,0,0,0,0,0,0
pallene,Pallène,Pallene,False,,211000,0,0,0.004,0.0,{},,1.0,0.0,0.0,2.5,{},"Carolyn C. Porco, Sébastien Charnoz",01/06/2004,0.0,0,0.0,0.0,0.0,Moon,0,0,0,0,0,0,0
pollux,Pollux,Polydeuces,False,,377390,0,0,0.018,0.1705,{},,1.0,0.0,0.0,2.0,{},Carolyn C. Porco,21/10/2004,0.0,0,0.0,0.0,0.0,Moon,0,0,0,0,0,0,0
daphnis,Daphnis,Daphnis,False,,136500,0,0,0.0,0.0,{},,0.34,0.0,0.0,3.8,{},Carolyn C. Porco,01/05/2009,0.0,0,0.0,0.0,0.0,Moon,0,0,0,0,0,0,0
aegir,Aegir,Aegir,False,,20735000,0,0,0.252,166.7,{},,1.0,0.0,0.0,3.0,{},"Scott S. Sheppard, David C. Jewitt, Jan Kleyna, Brian G. Marsden",12/12/2004,0.0,0,0.0,0.0,0.0,Moon,0,0,0,0,0,0,0
bebhionn,Bebhionn,Bebhionn,False,,17119000,0,0,0.469,35.0,{},,1.0,0.0,0.0,3.0,{},"Scott S. Sheppard, David C. Jewitt, Jan Kleyna, Brian G. Marsden",12/12/2004,0.0,0,0.0,0.0,0.0,Moon,0,0,0,0,0,0,0
bergelmir,Bergelmir,Bergelmir,False,,19338000,0,0,0.142,158.5,{},,1.0,0.0,0.0,3.0,{},"Scott S. Sheppard, David C. Jewitt, Jan Kleyna, Brian G. Marsden",12/12/2004,0.0,0,0.0,0.0,0.0,Moon,0,0,0,0,0,0,0
bestla,Bestla,Bestla,False,,20129000,0,0,0.521,145.2,{},,1.0,0.0,0.0,3.0,{},"Scott S. Sheppard, David C. Jewitt, Jan Kleyna, Brian G. Marsden",13/12/2004,0.0,0,0.0,0.0,0.0,Moon,0,0,0,0,0,0,0
farbauti,Farbauti,Farbauti,False,,20390000,0,0,0.206,156.4,{},,1.0,0.0,0.0,3.0,{},"Scott S. Sheppard, David C. Jewitt, Jan Kleyna, Brian G. Marsden",12/12/2004,0.0,0,0.0,0.0,0.0,Moon,0,0,0,0,0,0,0
fenrir,Fenrir,Fenrir,False,,22453000,0,0,0.136,164.9,{},,1.0,0.0,0.0,2.0,{},"Scott S. Sheppard, David C. Jewitt, Jan Kleyna, Brian G. Marsden",13/12/2004,0.0,0,0.0,0.0,0.0,Moon,0,0,0,0,0,0,0
fornjot,Fornjot,Fornjot,False,,25108000,0,0,0.206,170.4,{},,1.0,0.0,0.0,3.0,{},"Scott S. Sheppard, David C. Jewitt, Jan Kleyna, Brian G. Marsden",12/12/2004,0.0,0,0.0,0.0,0.0,Moon,0,0,0,0,0,0,0
hati,Hati,Hati,False,,19856000,0,0,0.372,165.8,{},,1.0,0.0,0.0,3.0,{},"Scott S. Sheppard, David C. Jewitt, Jan Kleyna, Brian G. Marsden",12/12/2004,0.0,0,0.0,0.0,0.0,Moon,0,0,0,0,0,0,0
hyrrokkin,Hyrrokkin,Hyrrokkin,False,,18437000,0,0,0.333,151.4,{},,1.0,0.0,0.0,4.0,{},"Scott S. Sheppard, David C. Jewitt, Jan Kleyna, Brian G. Marsden",12/12/2004,0.0,0,0.0,0.0,0.0,Moon,0,0,0,0,0,0,0
kari,Kari,Kari,False,,22118000,0,0,0.478,156.3,{},,1.0,0.0,0.0,3.0,{},"Scott S. Sheppard, David C. Jewitt, Jan Kleyna, Brian G. Marsden",12/12/2004,0.0,0,0.0,0.0,0.0,Moon,0,0,0,0,0,0,0
loge,Loge,Loge,False,,23065000,0,0,0.335,173.1,{},,1.0,0.0,0.0,3.0,{},"Scott S. Sheppard, David C. Jewitt, Jan Kleyna, Brian G. Marsden",13/12/2004,0.0,0,0.0,0.0,0.0,Moon,0,0,0,0,0,0,0
skoll,Skoll,Skoll,False,,17665000,0,0,0.464,161.2,{},,1.0,0.0,0.0,3.0,{},"Scott S. Sheppard, David C. Jewitt, Jan Kleyna, Brian G. Marsden",12/12/2004,0.0,0,0.0,0.0,0.0,Moon,0,0,0,0,0,0,0
surtur,Surtur,Surtur,False,,22707000,0,0,0.451,177.5,{},,1.0,0.0,0.0,3.0,{},"Scott S. Sheppard, David C. Jewitt, Jan Kleyna, Brian G. Marsden",12/12/2004,0.0,0,0.0,0.0,0.0,Moon,0,0,0,0,0,0,0
anthe,Anthé,Anthe,False,,197700,0,0,0.001,0.1,{},,1.0,0.0,0.0,1.0,{},"Carolyn C. Porco, l'équipe Cassini",30/05/2007,0.0,0,0.0,0.0,0.0,Moon,0,0,0,0,0,0,0
jarnsaxa,Jarnsaxa,Jarnsaxa,False,,18811000,0,0,0.216,163.3,{},,1.0,0.0,0.0,3.0,{},"Scott S. Sheppard, David C. Jewitt, Jan Kleyna, Brian G. Marsden",05/01/2006,0.0,0,0.0,0.0,0.0,Moon,0,0,0,0,0,0,0
greip,Greip,Greip,False,,18206000,0,0,0.326,179.8,{},,1.0,0.0,0.0,3.0,{},"Scott S. Sheppard, David C. Jewitt, Jan Kleyna, Brian G. Marsden",05/01/2006,0.0,0,0.0,0.0,0.0,Moon,0,0,0,0,0,0,0
tarqeq,Tarqeq,Tarqeq,False,,18009000,0,0,0.16,46.1,{},,1.0,0.0,0.0,3.0,{},"Scott S. Sheppard, David C. Jewitt, Jan Kleyna, Brian G. Marsden",05/01/2006,0.0,0,0.0,0.0,0.0,Moon,0,0,0,0,0,0,0
egeon,Égéon,Aegaeon,False,,167500,0,0,0.0002,0.001,{},,1.0,0.0,0.0,0.5,{},Carolyn C. Porco,15/08/2008,0.0,0,0.0,0.0,0.0,Moon,0,0,0,0,0,0,0
s2004s7,S/2004 S 7,S/2004 S 7,False,,19800000,0,0,0.58,165.1,{},,1.0,0.0,0.0,3.0,{},"Scott S. Sheppard, David C. Jewitt, Jan Kleyna, Brian G. Marsden",12/12/2004,0.0,0,0.0,0.0,0.0,Moon,0,0,0,0,0,0,0
s2004s12,S/2004 S 12,S/2004 S 12,False,,19650000,0,0,0.401,164.0,{},,1.0,0.0,0.0,3.0,{},"Scott S. Sheppard, David C. Jewitt, Jan Kleyna, Brian G. Marsden",12/12/2004,0.0,0,0.0,0.0,0.0,Moon,0,0,0,0,0,0,0
s2004s13,S/2004 S 13,S/2004 S 13,False,,18450000,0,0,0.273,167.4,{},,1.0,0.0,0.0,3.0,{},"Scott S. Sheppard, David C. Jewitt, Jan Kleyna, Brian G. Marsden",12/12/2004,0.0,0,0.0,0.0,0.0,Moon,0,0,0,0,0,0,0
s2004s17,S/2004 S 17,S/2004 S 17,False,,18600000,0,0,0.259,166.6,{},,1.0,0.0,0.0,2.0,{},"Scott S. Sheppard, David C. Jewitt, Jan Kleyna, Brian G. Marsden",13/12/2004,0.0,0,0.0,0.0,0.0,Moon,0,0,0,0,0,0,0
s2006s1,S/2006 S 1,S/2006 S 1,False,,18981135,0,0,0.13,154.2,{},,1.0,0.0,0.0,3.0,{},"Scott S. Sheppard, David C. Jewitt, Jan Kleyna, Brian G. Marsden",04/01/2006,0.0,0,0.0,0.0,0.0,Moon,0,0,0,0,0,0,0
s2006s3,S/2006 S 3,S/2006 S 3,False,,21132000,0,0,0.471,150.8,{},,1.0,0.0,0.0,3.0,{},"Scott S. Sheppard, David C. Jewitt, Jan Kleyna, Brian G. Marsden",05/01/2006,0.0,0,0.0,0.0,0.0,Moon,0,0,0,0,0,0,0
s2007s2,S/2007 S 2,S/2007 S 2,False,,16560000,0,0,0.218,176.7,{},,1.0,0.0,0.0,3.0,{},"Scott S. Sheppard, David C. Jewitt, Jan Kleyna, Brian G. Marsden",01/05/2007,0.0,0,0.0,0.0,0.0,Moon,0,0,0,0,0,0,0
s2007s3,S/2007 S 3,S/2007 S 3,False,,20518500,0,0,0.13,177.2,{},,1.0,0.0,0.0,3.0,{},"Scott S. Sheppard, David C. Jewitt, Jan Kleyna, Brian G. Marsden",01/05/2007,0.0,0,0.0,0.0,0.0,Moon,0,0,0,0,0,0,0
s2009s1,S/2009 S 1,S/2009 S 1,False,,117000,0,0,0.0,0.0,{},,1.0,0.0,0.0,0.3,{},Carolyn C. Porco,26/07/2009,0.0,0,0.0,0.0,0.0,Moon,0,0,0,0,0,0,0
ariel,Ariel,Ariel,False,,190900,190670,191130,0.0012,0.04,{},,1.59,0.0,0.0,581.1,{},William Lassell,24/10/1851,0.0,0,0.0,0.0,0.0,Moon,0,0,0,0,0,0,0
umbriel,Umbriel,Umbriel,False,,266000,265100,267500,0.0039,0.13,{},,1.46,0.0,0.0,584.7,{},William Lassell,24/10/1851,0.0,0,0.0,0.0,0.0,Moon,0,0,0,0,0,0,0
titania,Titania,Titania,False,,436300,435800,436800,0.0011,0.08,{},,1.66,0.0,0.0,788.9,{},William Herschel,11/01/1787,0.0,0,0.0,0.0,0.0,Moon,0,0,0,0,0,0,0
oberon,Obéron,Oberon,False,,583500,582702,584336,0.0014,0.07,{},,1.56,0.0,0.0,761.4,{},William Herschel,11/01/1787,0.0,0,0.0,0.0,0.0,Moon,0,0,0,0,0,0,0
miranda,Miranda,Miranda,False,,129900,129703,130041,0.0013,4.34,{},,1.2,0.0,0.0,240.0,{},Gerard Kuiper,16/02/1948,0.0,0,0.0,0.0,0.0,Moon,0,0,0,0,0,0,0
cordelia,Cordélia,Cordelia,False,,49800,0,0,0.0003,0.08,{},,1.0,0.0,0.0,20.0,{},Richard J. Terrile,20/01/1986,0.0,0,0.0,0.0,0.0,Moon,0,0,0,0,0,0,0
ophelia,Ophélie,Ophelia,False,,53800,0,0,0.0099,0.1,{},,1.0,0.0,0.0,21.0,{},Richard J. Terrile,20/01/1986,0.0,0,0.0,0.0,0.0,Moon,0,0,0,0,0,0,0
bianca,Bianca,Bianca,False,,59200,0,0,0.0009,0.19,{},,1.0,0.0,0.0,27.0,{},Bradford A. Smith,23/01/1986,0.0,0,0.0,0.0,0.0,Moon,0,0,0,0,0,0,0
cressida,Cressida,Cressida,False,,61800,0,0,0.0004,0.01,{},,1.0,0.0,0.0,41.0,{},Stephen P. Synnott,09/01/1986,0.0,0,0.0,0.0,0.0,Moon,0,0,0,0,0,0,0
desdemona,Desdémone,Desdemona,False,,62700,0,0,0.0001,0.11,{},,1.0,0.0,0.0,35.0,{},Stephen P. Synnott,13/01/1986,0.0,0,0.0,0.0,0.0,Moon,0,0,0,0,0,0,0
juliet,Juliette,Juliet,False,,64400,0,0,0.0007,0.07,{},,1.0,0.0,0.0,53.0,{},Stephen P. Synnott,03/01/1986,0.0,0,0.0,0.0,0.0,Moon,0,0,0,0,0,0,0
portia,Portia,Portia,False,,66100,0,0,0.0001,0.06,{},,1.0,0.0,0.0,70.0,{},Stephen P. Synnott,03/01/1986,0.0,0,0.0,0.0,0.0,Moon,0,0,0,0,0,0,0
rosalind,Rosalinde,Rosalind,False,,69900,0,0,0.0001,0.28,{},,1.0,0.0,0.0,36.0,{},Stephen P. Synnott,13/01/1986,0.0,0,0.0,0.0,0.0,Moon,0,0,0,0,0,0,0
belinda,Belinda,Belinda,False,,75300,0,0,0.0001,0.03,{},,1.0,0.0,0.0,45.0,{},Stephen P. Synnott,13/01/1986,0.0,0,0.0,0.0,0.0,Moon,0,0,0,0,0,0,0
puck,Puck,Puck,False,,86000,0,0,0.0001,0.32,{},,1.0,0.0,0.0,81.0,{},Stephen P. Synnott,30/12/1985,0.0,0,0.0,0.0,0.0,Moon,0,0,0,0,0,0,0
caliban,Caliban,Caliban,False,,7231000,0,0,0.1812,141.53,{},,1.0,0.0,0.0,36.0,{},"Brett J. Gladman, Philip D. Nicholson, Joseph A. Burns, John J. Kavelaars",06/09/1997,0.0,0,0.0,0.0,0.0,Moon,0,0,0,0,0,0,0
sycorax,Sycorax,Sycorax,False,,12179000,0,0,0.5219,159.42,{},,1.0,0.0,0.0,75.0,{},"Philip D. Nicholson, Brett J. Gladman, Joseph A. Burns, John J. Kavelaars",06/09/1997,0.0,0,0.0,0.0,0.0,Moon,0,0,0,0,0,0,0
prospero,Prospero,Prospero,False,,16256000,0,0,0.4445,151.83,{},,1.0,0.0,0.0,25.0,{},"Matthew J. Holman, John J. Kavelaars, Brett J. Gladman, Jean-Marc Petit, Hans Scholl",18/07/1999,0.0,0,0.0,0.0,0.0,Moon,0,0,0,0,0,0,0
setebos,Setebos,Setebos,False,,17418000,0,0,0.5908,158.24,{},,1.0,0.0,0.0,24.0,{},"John J. Kavelaars, Brett J. Gladman, Matthew J. Holman, Jean-Marc Petit, Hans Scholl",18/07/1999,0.0,0,0.0,0.0,0.0,Moon,0,0,0,0,0,0,0
stephano,Stephano,Stephano,False,,8004000,0,0,0.2248,143.82,{},,1.0,0.0,0.0,16.0,{},"Brett J. Gladman, Matthew J. Holman, John J. Kavelaars, Jean-Marc Petit, Hans Scholl",18/07/1999,0.0,0,0.0,0.0,0.0,Moon,0,0,0,0,0,0,0
trinculo,Trinculo,Trinculo,False,,8504000,0,0,0.2194,166.93,{},,1.0,0.0,0.0,9.0,{},"Matthew J. Holman, John J. Kavelaars, Dan Milisavljevic",13/08/2001,0.0,0,0.0,0.0,0.0,Moon,0,0,0,0,0,0,0
francisco,Francisco,Francisco,False,,4276000,0,0,0.1324,147.25,{},,1.0,0.0,0.0,11.0,{},"Matthew J. Holman, John J. Kavelaars, Dan Milisavljevic, Brett J. Gladman",13/08/2001,0.0,0,0.0,0.0,0.0,Moon,0,0,0,0,0,0,0
margaret,Margaret,Margaret,False,,14345000,0,0,0.6772,57.37,{},,1.0,0.0,0.0,10.0,{},"Scott S. Sheppard, David C. Jewitt",29/08/2003,0.0,0,0.0,0.0,0.0,Moon,0,0,0,0,0,0,0
ferdinand,Ferdinand,Ferdinand,False,,20901000,0,0,0.3993,169.79,{},,1.0,0.0,0.0,10.0,{},"Matthew J. Holman, John J. Kavelaars, Dan Milisavljevic, Brett J. Gladman",13/08/2001,0.0,0,0.0,0.0,0.0,Moon,0,0,0,0,0,0,0
perdita,Perdita,Perdita,False,,76420,0,0,0.0116,0.47,{},,1.0,0.0,0.0,13.0,{},Erich Karkoschka,18/01/1986,0.0,0,0.0,0.0,0.0,Moon,0,0,0,0,0,0,0
mab,Mab,Mab,False,,97740,0,0,0.0025,0.13,{},,1.0,0.0,0.0,12.0,{},"Mark R. Showalter, Jack J. Lissauer",25/08/2003,0.0,0,0.0,0.0,0.0,Moon,0,0,0,0,0,0,0
cupid,Cupid,Cupid,False,,74390,0,0,0.0013,0.1,{},,1.0,0.0,0.0,9.0,{},"Mark R. Showalter, Jack J. Lissauer",25/08/2003,0.0,0,0.0,0.0,0.0,Moon,0,0,0,0,0,0,0
triton,Triton,Triton,False,,354760,354753,354765,2e-05,157.345,{},,2.05,0.78,0.0,1353.4,{},William Lassell,10/10/1846,0.0,0,0.0,0.0,0.0,Moon,0,0,0,0,0,0,0
nereide,Néreïde,Nereid,False,,5513400,1372000,9655000,0.7512,7.23,{},,1.0,0.071,0.0,170.0,{},Gerard Kuiper,01/05/1949,0.0,0,0.0,0.0,0.0,Moon,0,0,0,0,0,0,0
naiade,Naïade,Naiad,False,,48227,0,0,0.0003,4.74,{},,1.0,0.01,0.0,33.0,{},Richard J. Terrile,18/09/1989,0.0,0,0.0,0.0,0.0,Moon,0,0,0,0,0,0,0
thalassa,Thalassa,Thalassa,False,,50075,0,0,0.0002,0.21,{},,1.0,0.013,0.0,41.0,{},Richard J. Terrile,18/09/1989,0.0,0,0.0,0.0,0.0,Moon,0,0,0,0,0,0,0
despina,Despina,Despina,False,,52526,0,0,0.0001,0.07,{},,1.0,0.023,0.0,75.0,{},Stephen P. Synnott,28/07/1989,0.0,0,0.0,0.0,0.0,Moon,0,0,0,0,0,0,0
galatee,Galatée,Galatea,False,,61953,0,0,0.0001,0.05,{},,1.0,0.03,0.0,88.0,{},Stephen P. Synnott,28/07/1989,0.0,0,0.0,0.0,0.0,Moon,0,0,0,0,0,0,0
larissa,Larissa,Larissa,False,,73548,0,0,0.0014,0.2,{},,1.0,0.034,0.0,97.0,{},"Harold J. Reitsema, William B. Hubbard, Larry A. Lebofsky, David J. Tholen",24/05/1981,0.0,0,0.0,0.0,0.0,Moon,0,0,0,0,0,0,0
protee,Protée,Proteus,False,,117647,0,0,0.0004,0.04,{},,1.0,0.075,0.0,210.0,{},"Stephen P. Synnott, Bradford A. Smith",16/06/1989,0.0,0,0.0,0.0,0.0,Moon,0,0,0,0,0,0,0
halimede,Halimède,Halimede,False,,15730000,0,0,0.571,134.1,{},,1.0,0.01,0.0,30.0,{},"Matthew J. Holman, John J. Kavelaars, Tommy Grav, Wesley C. Fraser, Dan Milisavljevic",14/08/2002,0.0,0,0.0,0.0,0.0,Moon,0,0,0,0,0,0,0
psamathee,Psamathée,Psamathe,False,,46700000,0,0,0.45,137.4,{},,1.0,0.0,0.0,20.0,{},Scott S. Sheppard,19/08/2003,0.0,0,0.0,0.0,0.0,Moon,0,0,0,0,0,0,0
sao,Sao,Sao,False,,22420000,0,0,0.293,48.5,{},,1.0,0.01,0.0,20.0,{},"Matthew J. Holman, John J. Kavelaars, Tommy Grav, Wesley C. Fraser, Dan Milisavljevic",14/08/2002,0.0,0,0.0,0.0,0.0,Moon,0,0,0,0,0,0,0
laomedie,Laomédie,Laomedeia,False,,23570000,0,0,0.424,34.7,{},,1.0,0.01,0.0,20.0,{},"Matthew J. Holman, John J. Kavelaars, Tommy Grav, Wesley C. Fraser, Dan Milisavljevic",13/08/2002,0.0,0,0.0,0.0,0.0,Moon,0,0,0,0,0,0,0
neso,Néso,Neso,False,,48390000,0,0,0.495,132.6,{},,1.0,0.0,0.0,30.0,{},Matthew J. Holman,14/08/2002,0.0,0,0.0,0.0,0.0,Moon,0,0,0,0,0,0,0
charon,Charon,Charon,False,,19591,19587,19595,0.0002,0.08,{},{},1.0,0.0,0.0,606.0,{},James W. Christy,13/04/1978,0.0,0,0.0,0.0,0.0,Moon,0,0,0,0,0,0,0
nix,Nix,Nix,False,,48694,0,0,0.002,0.133,{},,1.0,0.0,0.0,44.0,{},Hubble Space Telescope Pluto Companion Search Team,15/05/2005,0.0,0,0.0,0.0,0.0,Moon,0,0,0,0,0,0,0
hydra,Hydra,Hydra,False,,64738,0,0,0.005,0.242,{},,1.0,0.0,0.0,36.0,{},Hubble Space Telescope Pluto Companion Search Team,15/05/2005,0.0,0,0.0,0.0,0.0,Moon,0,0,0,0,0,0,0
namaka,Namaka,Namaka,False,,25657,0,0,0.249,113.0,{},,1.0,0.0,0.0,85.0,{},Michael E. Brown,30/06/2005,0.0,0,0.0,0.0,0.0,Moon,0,0,0,0,0,0,0
hiiaka,Hi'iaka,Hiʻiaka,False,,49880,0,0,0.0513,126.35,{},,1.0,0.0,0.0,160.0,{},Michael E. Brown,26/01/2005,0.0,0,0.0,0.0,0.0,Moon,0,0,0,0,0,0,0
dysnomie,Dysnomie,Dysnomia,False,,37273,0,0,0.0062,45.49,{},,1.0,0.0,0.0,350.0,{},Michael E. Brown,??/09/2005,0.0,0,0.0,0.0,0.0,Moon,0,0,0,0,0,0,0
dia,Dia,Dia,False,,12118000,0,0,0.211,28.23,{},,1.0,0.0,0.0,2.0,{},"Scott S. Sheppard, David C. Jewitt",27/12/2000,0.0,0,0.0,0.0,0.0,Moon,0,0,0,0,0,0,0
s2004s3,S/2004 S 3,S/2004 S 3,False,,140100,0,0,0.02,0.0,,,1.0,0.0,0.0,2.0,{},Carl Murray,21/06/2004,0.0,0,0.0,0.0,0.0,Moon,0,0,0,0,0,0,0
s2004s4,S/2004 S 4,S/2004 S 4,False,,140100,0,0,0.0,0.0,,,1.0,0.0,0.0,2.0,{},Carl Murray,09/09/2004,0.0,0,0.0,0.0,0.0,Moon,0,0,0,0,0,0,0
s2004s6,S/2004 S 6,S/2004 S 6,False,,140134,0,0,0.002,0.02,,,1.0,0.0,0.0,2.5,{},Carolyn C. Porco,28/10/2004,0.0,0,0.0,0.0,0.0,Moon,0,0,0,0,0,0,0
s2010j1,S/2010 J 1,S/2010 J 1,False,,23314335,0,0,0.32,163.2,,,1.0,0.0,0.0,1.0,{},"Jacobson, Brozovic, Gladman, Alexandersen",07/09/2010,0.0,0,0.0,0.0,0.0,Moon,0,0,0,0,0,0,0
s2010j2,S/2010 J 2,S/2010 J 2,False,,20307150,0,0,0.307,150.4,,,1.0,0.0,0.0,0.5,{},Christian Veillet,08/09/2010,0.0,0,0.0,0.0,0.0,Moon,0,0,0,0,0,0,0
ceres,(1) Cérès,1 Ceres,False,,414010000,382620000,445410000,0.07582,10.593,{},{},2.161,0.28,510.0,476.2,,Giuseppe Piazzi,01/01/1801,3.0,168,77.3721,73.59769,80.30553,Asteroid,0,0,0,0,0,0,0
hebe,(6) Hébé,6 Hebe,False,,362959000,289958000,435960000,0.201,14.765,{},,1.0,0.0,0.0,92.3,,Karl Ludwig Hencke,01/07/1847,0.0,0,0.0,0.0,0.0,Asteroid,0,0,0,0,0,0,0
lempo,(47171) Lempo,47171 Lempo,False,,5884000000,4580000000,7185000000,0.221,8.4,,,1.0,0.0,0.0,197.0,,"E. P. Rubenstein, L.-G. Strolger",01/10/1999,0.0,0,0.0,0.0,0.0,Asteroid,0,0,0,0,0,0,0
petitprince,Petit-Prince,The Little Prince,False,,1184,0,0,0.01,8.0,{},,1.0,0.0,0.0,13.0,{},"W. J. Merline, L. M. Close, C. Dumas, C. R. Chapman, F. Roddier, F. Menard, D. C. Slater, G. Duvert, J. C. Shelton, T. Morgan",01/11/1999,0.0,0,0.0,0.0,0.0,Moon,0,0,0,0,0,0,0
pulcova,(762) Pulcova,762 Pulcova,False,,472579673,427401116,517758230,0.096,13.049,{},,1.0,0.0,0.0,78.6,,G. N. Neujmin,03/09/1913,0.0,0,0.0,0.0,0.0,Asteroid,0,0,0,0,0,0,0
toutatis,(4179) Toutatis,4179 Toutatis,False,,377326000,137739000,616914000,0.635,0.446,{},,1.0,0.0,0.0,0.0,,Christian Pollas,04/01/1989,0.0,0,0.0,0.0,0.0,Asteroid,0,0,0,0,0,0,0
quaoar,(50000) Quaoar,50000 Quaoar,False,[{}],6489054000,6266487000,6711620000,0.034,7.984,{},,1.0,0.0,0.0,675.0,,"Chadwick Trujillo, Michael E. Brown",04/06/2002,0.0,0,0.0,0.0,0.0,Asteroid,0,0,0,0,0,0,1
steins,(2867) Šteins,2867 Šteins,False,,353495000,30867000,405132000,0.1463,9.944,,,1.0,0.0,0.0,0.0,,N. S. Tchernykh,04/11/1969,0.0,0,0.0,0.0,0.0,Asteroid,0,0,0,0,0,0,0
eris,(136199) Éris,136199 Eris,False,[{}],10180122852,5765732799,14594512904,0.44068,44.0445,{},{},2.52,0.82,1380.0,1163.0,,"Michael E. Brown, Chadwick Trujillo, David L. Rabinowitz",05/01/2005,0.0,42,205.989,151.639,35.951,Dwarf Planet,0,0,0,0,0,0,1
astree,(5) Astrée,5 Astraea,False,,384877000,310509000,459245000,0.193,5.37,{},,1.0,0.0,0.0,59.5,,Karl Ludwig Hencke,08/12/1845,0.0,0,0.0,0.0,0.0,Asteroid,0,0,0,0,0,0,0
pholus,(5145) Pholus,5145 Pholus,False,,3055227000,1302945000,4807509000,0.574,0.0,{},,1.0,0.0,0.0,95.0,,David Rabinowitz / Spacewatch,09/01/1992,0.0,0,0.0,0.0,0.0,Asteroid,0,0,0,0,0,0,0
castalia,(4769) Castalia,4769 Castalia,False,,159053000,82190000,235916000,0.483,8.886,{},,1.0,0.0,0.0,0.0,,Eleanor F. Helin,09/08/1989,0.0,0,0.0,0.0,0.0,Asteroid,0,0,0,0,0,0,0
remus,Rémus,Remus,False,,706,0,0,0.016,2.0,{},,1.0,0.0,0.0,7.0,{},"Franck Marchis, Pascal Descamps, Daniel Hestroffer, Jérome Berthier",09/08/2005,0.0,0,0.0,0.0,0.0,Moon,0,0,0,0,0,0,0
hector,(624) Hector,624 Hektor,False,,781183000,762145000,800220000,0.024,18.198,{},,1.0,0.0,0.0,0.0,,August Kopff,10/02/1907,0.0,0,0.0,0.0,0.0,Asteroid,0,0,0,0,0,0,0
kleopatra,(216) Kléopatra,216 Kleopatra,False,"[{}, {}]",417796000,312544000,523049000,0.252,13.099,{},,1.0,0.0,0.0,0.0,,Johann Palisa,10/04/1880,0.0,0,0.0,0.0,0.0,Asteroid,0,0,0,0,0,0,2
cruithne,(3753) Cruithne,3753 Cruithne,False,,149260000,72415000,226104000,0.515,19.807,{},,1.0,0.0,0.0,2.5,,"J. Duncan Waldron, Giovanni de Sanctis, Richard M. West",10/10/1986,0.0,0,0.0,0.0,0.0,Asteroid,0,0,0,0,0,0,0
junon,(3) Junon,3 Juno,False,,399480000,328870000,502080000,0.2568,12.963,{},,1.0,0.0,0.0,120.0,,Karl L. Harding,12/01/1804,0.0,0,0.0,0.0,0.0,Asteroid,0,0,0,0,0,0,0
hygie,(10) Hygie,10 Hygiea,False,,469345000,413378000,525311000,0.119,3.83,{},,1.0,0.0,0.0,203.6,,Annibale de Gasparis,12/04/1849,0.0,0,0.0,0.0,0.0,Asteroid,0,0,0,0,0,0,0
lutetia,(21) Lutetia,21 Lutetia,False,,364277000,304600000,423955000,0.164,3.064,{},,1.0,0.0,0.0,42.5,,H. M. S. Goldschmidt,12/11/1852,0.0,0,0.0,0.0,0.0,Asteroid,0,0,0,0,0,0,0
mathilde,(253) Mathilde,253 Mathilde,False,,395900000,290640000,501170000,0.266,6.738,{},,1.0,0.0,0.0,0.0,,Johann Palisa,12/11/1885,0.0,0,0.0,0.0,0.0,Asteroid,0,0,0,0,0,0,0
uranus,Uranus,Uranus,True,"[{}, {}, {}, {}, {}, {}, {}, {}, {}, {}, {}, {}, {}, {}, {}, {}, {}, {}, {}, {}, {}, {}, {}, {}, {}, {}, {}]",2870658186,2734998229,3006318143,0.0457,0.772,{},{},1.27,8.87,21380.0,25362.0,,William Herschel,13/03/1781,97.77,76,142.2386,98.862,73.967,Planet,0,0,0,0,0,0,27
iris,(7) Iris,7 Iris,False,,357019000,274729000,439310000,0.23,5.523,{},,1.0,0.0,0.0,100.0,,John Russell Hind,13/08/1847,0.0,0,0.0,0.0,0.0,Asteroid,0,0,0,0,0,0,0
eros,(433) Éros,433 Eros,False,,218155000,169548000,266762000,0.2229,10.8294,{},,1.0,0.0,0.0,0.0,,Gustav Witt,13/08/1898,0.0,0,0.0,0.0,0.0,Asteroid,0,0,0,0,0,0,0
vanth,Vanth,Vanth,False,,9000,0,0,0.0009,105.03,{},,1.0,0.0,0.0,434.0,{},"Michael E. Brown, T.A. Suer",13/11/2005,0.0,0,0.0,0.0,0.0,Moon,0,0,0,0,0,0,0
sedna,(90377) Sedna,90377 Sedna,False,,75659770000,11378031000,139941508000,0.85,11.932,{},,1.0,0.0,0.0,497.0,,"Chadwick Trujillo, Michael E. Brown, David L. Rabinowitz",14/11/2003,0.0,0,0.0,0.0,0.0,Asteroid,0,0,0,0,0,0,0
chariklo,(10199) Chariklo,10199 Chariklo,False,,2380000000,1962000000,2799000000,0.1759,23.3737,,,1.0,0.0,0.0,248.0,,Spacewatch,15/02/1997,0.0,0,0.0,0.0,0.0,Asteroid,0,0,0,0,0,0,0
sylvia,(87) Sylvia,87 Sylvia,False,"[{}, {}]",522135000,48540000,563729000,0.08,10.856,{},,1.0,0.0,0.0,0.0,,Norman Robert Pogson,16/05/1866,0.0,0,0.0,0.0,0.0,Asteroid,0,0,0,0,0,0,2
dactyl,Dactyl,(243) Ida I Dactyl,False,,90,0,0,0.0,8.0,,,1.0,0.0,0.0,0.0,{},Ann Harch,17/02/1994,0.0,0,0.0,0.0,0.0,Moon,0,0,0,0,0,0,0
orcus,(90482) Orcus,90482 Orcus,False,[{}],5862440000,4535800000,7188170000,0.2262,20.593,{},,1.0,0.0,0.0,473.0,,"Michael E. Brown, Chadwick Trujillo, David L. Rabinowitz",17/02/2004,0.0,0,0.0,0.0,0.0,Asteroid,0,0,0,0,0,0,1
pluton,Pluton,Pluto,False,"[{}, {}, {}, {}, {}]",5906440628,4436756954,7376124302,0.2488,17.16,{},{},1.89,0.62,1210.0,1188.3,,Clyde W. Tombaugh,18/02/1930,122.5,44,14.53,113.175,110.088,Dwarf Planet,0,0,0,0,0,0,5
damocles,(5335) Damoclès,5335 Damocles,False,,1760100000,236400000,3304500000,0.87,0.0,,,1.0,0.0,0.0,5.0,,Robert H. McNaught,18/02/1991,0.0,0,0.0,0.0,0.0,Asteroid,0,0,0,0,0,0,0
romulus,Romulus,Romulus,False,,1351,0,0,0.0069,1.7,,,1.0,0.0,0.0,10.8,{},"Michael E. Brown, Jean-Luc Margot",18/02/2001,0.0,0,0.0,0.0,0.0,Moon,0,0,0,0,0,0,0
alexhelios,Alexhélios,Alexhelios,False,,0,0,0,0.0,0.0,,,1.0,0.0,0.0,6.9,{},"F. Marchis, P. Descamps, J. Berthier, F. Vachier, J. P. Emery",18/09/2008,0.0,0,0.0,0.0,0.0,Moon,0,0,0,0,0,0,0
cleoselene,Cléoséléné,Cleoselene,False,,0,0,0,0.0,0.0,,,1.0,0.0,0.0,8.9,{},"F. Marchis, P. Descamps, J. Berthier, F. Vachier, J. P. Emery",18/09/2008,0.0,0,0.0,0.0,0.0,Moon,0,0,0,0,0,0,0
flore,(8) Flore,8 Flora,False,,329313000,277806000,380821000,0.156,5.887,{},,1.0,0.0,0.0,67.7,,John Russell Hind,18/10/1847,0.0,0,0.0,0.0,0.0,Asteroid,0,0,0,0,0,0,0
chiron,(2060) Chiron,2060 Chiron,False,,2042652000,1262646000,2822659000,0.382,6.935,{},,1.0,0.0,0.0,83.0,,Charles T. Kowal,18/10/1977,0.0,0,0.0,0.0,0.0,Asteroid,0,0,0,0,0,0,0
eureka,(5261) Eurêka,5261 Eureka,False,,227908000,213132000,242684000,0.065,0.0,,,1.0,0.0,0.0,1.2,,David H. Levy,20/06/1990,0.0,0,0.0,0.0,0.0,Asteroid,0,0,0,0,0,0,0
achille,(588) Achille,588 Achilles,False,,776669000,662395000,890944000,0.147,10.324,{},,1.0,0.0,0.0,67.8,,Max Wolf,22/02/1906,0.0,0,0.0,0.0,0.0,Asteroid,0,0,0,0,0,0,0
weywot,Weywot,Weywot,False,,14500,12470,16530,0.148,14.0,,,1.0,0.0,0.0,170.0,{},"Michael E. Brown, T.A. Suer",22/02/2007,0.0,0,0.0,0.0,0.0,Moon,0,0,0,0,0,0,0
ixion,(28978) Ixion,28978 Ixion,False,,5910896000,4483896000,7337896000,0.241,19.621,{},,1.0,0.0,0.0,379.5,,Deep Ecliptic Survey,22/05/2001,0.0,0,0.0,0.0,0.0,Asteroid,0,0,0,0,0,0,0
neptune,Neptune,Neptune,True,"[{}, {}, {}, {}, {}, {}, {}, {}, {}, {}, {}, {}, {}, {}]",4498396441,4459753056,4537039826,0.0113,1.769,{},{},1.638,11.15,23560.0,24622.0,,"Urbain Le Verrier, John Couch Adams, Johann Galle",23/09/1846,28.3,55,256.228,256.932,131.823,Planet,0,0,0,0,0,0,14
sl9,Shoemaker-Levy 9,Shoemaker-Levy 9,False,,0,0,0,0.0,94.2,,,1.0,0.0,0.0,1.2,,"Carolyn, Eugene M. Shoemaker, David Levy",24/03/1993,0.0,0,0.0,0.0,0.0,Comet,0,0,0,0,0,0,0
9metis,(9) Métis,9 Metis,False,,357052000,313556000,400548000,0.122,5.576,{},,1.0,0.0,0.0,0.0,,Andrew Graham,25/04/1848,0.0,0,0.0,0.0,0.0,Asteroid,0,0,0,0,0,0,0
haumea,(136108) Hauméa,136108 Haumea,False,"[{}, {}]",6432011461,5157623774,7706399149,0.19126,28.19,{},{},2.6,0.401,809.0,0.0,,"Michael E. Brown, José Luis Ortiz Moreno",28/12/2004,0.0,50,218.205,239.041,122.167,Dwarf Planet,0,0,0,0,0,0,2
nessus,(7066) Nessus,7066 Nessus,False,,3689000000,1769000000,608000000,0.5203,0.0,,,1.0,0.0,0.0,0.0,,Spacewatch,26/04/1993,0.0,0,0.0,0.0,0.0,Asteroid,0,0,0,0,0,0,0
itokawa,(25143) Itokawa,25143 Itokawa,False,,198049628,142500000,253520000,0.2801,1.622,{},,1.0,0.0,0.0,0.0,,LINEAR,26/09/1998,0.0,0,0.0,0.0,0.0,Asteroid,0,0,0,0,0,0,0
hylonome,(10370) Hylonome,10370 Hylonome,False,,3779000000,2832000000,4725000000,0.2504,4.141,,,1.0,0.0,0.0,70.0,,"David C. Jewitt, Jane X. Luu",27/02/1995,0.0,0,0.0,0.0,0.0,Asteroid,0,0,0,0,0,0,0
eugenia,(45) Eugénie,45 Eugenia,False,[{}],406934000,373484000,440383000,0.082,6.61,{},,1.0,0.0,0.0,107.3,,Hermann Goldschmidt,27/06/1857,0.0,0,0.0,0.0,0.0,Asteroid,0,0,0,0,0,0,1
2006sq372,(308933) 2006 SQ372,(308933) 2006 SQ372,False,,151692240180,3616000000,218565300000,0.976,19.46,,,1.0,0.0,0.0,55.0,,"Andrew Becker, Nathan Kaib",27/09/2006,0.0,0,0.0,0.0,0.0,Asteroid,0,0,0,0,0,0,0
pallas,(2) Pallas,2 Pallas,False,,414717000,319358000,510077000,0.231,0.0,{},,1.0,0.0,0.0,545.0,,Heinrich Olbers,28/03/1802,0.0,0,0.0,0.0,0.0,Asteroid,0,0,0,0,0,0,0
asbolus,(8405) Asbolus,8405 Asbolus,False,,2694000000,1025000000,4362000000,0.6194,17.63807,,,1.0,0.0,0.0,33.0,,"James V. Scotti, Robert Jedicke/ Spacewatch",28/03/1995,0.0,0,0.0,0.0,0.0,Asteroid,0,0,0,0,0,0,0
varuna,(20000) Varuna,20000 Varuna,False,,6451398000,6120810000,6781985000,0.051,17.158,{},,1.0,0.0,0.0,330.0,,Robert S. McMillan Spacewatch,28/11/2000,0.0,0,0.0,0.0,0.0,Asteroid,0,0,0,0,0,0,0
vesta,(4) Vesta,4 Vesta,False,,353343000,321767000,384920000,0.0893,7.1337,{},,1.0,0.0,0.0,265.0,,H. W. Olbers,29/03/1807,0.0,0,0.0,0.0,0.0,Asteroid,0,0,0,0,0,0,0
ida,(243) Ida,243 Ida,False,[{}],428000000,408162000,447837000,0.046,1.138,{},,1.0,0.0,0.0,0.0,,Johann Palisa,29/09/1884,0.0,0,0.0,0.0,0.0,Asteroid,0,0,0,0,0,0,1
hyakutake,Hyakutake,Comet Hyakutake,False,,0,0,0,0.0,0.0,,,1.0,0.0,0.0,4.2,,Yuji Hyakutake,30/01/1996,0.0,0,0.0,0.0,0.0,Comet,0,0,0,0,0,0,0
gaspra,(951) Gaspra,951 Gaspra,False,,330513000,272979000,388047000,0.174,4.102,{},,1.0,0.0,0.0,0.0,,Grigori Neujmin,30/07/1916,0.0,0,0.0,0.0,0.0,Asteroid,0,0,0,0,0,0,0
albion,(15760) Albion,15760 Albion,False,,6547379000,6117144000,6977613000,0.066,2.195,{},,1.0,0.0,0.0,60.0,,"David C. Jewitt, Jane X. Luu",30/08/1992,0.0,0,0.0,0.0,0.0,Asteroid,0,0,0,0,0,0,0
makemake,(136472) Makémaké,136472 Makemake,False,[{}],6783345606,5671928586,7894762625,0.15586,29.00685,{},{},1.4,0.5,800.0,725.0,,"Michael E. Brown, Chadwick Trujillo, David L. Rabinowitz",31/03/2005,0.0,32,165.514,294.834,79.62,Dwarf Planet,0,0,0,0,0,0,1
halley,Comète de Halley,Halley's Comet,False,,2677801885,0,0,0.96727,0.0,{},,1.0,0.0,0.0,15.0,,,,0.0,0,0.0,0.0,0.0,Comet,0,0,0,0,0,0,0
jupiter,Jupiter,Jupiter,True,"[{}, {}, {}, {}, {}, {}, {}, {}, {}, {}, {}, {}, {}, {}, {}, {}, {}, {}, {}, {}, {}, {}, {}, {}, {}, {}, {}, {}, {}, {}, {}, {}, {}, {}, {}, {}, {}, {}, {}, {}, {}, {}, {}, {}, {}, {}, {}, {}, {}, {}, {}, {}, {}, {}, {}, {}, {}, {}, {}, {}, {}, {}, {}, {}, {}, {}, {}, {}, {}, {}, {}, {}, {}, {}, {}, {}, {}, {}, {}, {}, {}, {}, {}, {}, {}, {}, {}, {}, {}, {}, {}, {}, {}, {}, {}]",778340821,740379835,816620000,0.0489,1.304,{},{},1.3262,24.79,60200.0,69911.0,,,,3.12,165,20.02,273.442,100.398,Planet,0,0,0,0,0,0,95
mars,Mars,Mars,True,"[{}, {}]",227939200,206700000,249200000,0.0935,1.85,{},{},3.9341,3.71,5030.0,3389.5,,,,25.19,210,19.412,286.231,49.667,Planet,0,0,0,0,0,0,2
mercure,Mercure,Mercury,True,,57909050,46001200,69816900,0.2056,7.0,{},{},5.4291,3.7,4250.0,2439.4,,,,0.0352,440,174.796,29.022,48.378,Planet,0,0,0,0,0,0,0
saturne,Saturne,Saturn,True,"[{}, {}, {}, {}, {}, {}, {}, {}, {}, {}, {}, {}, {}, {}, {}, {}, {}, {}, {}, {}, {}, {}, {}, {}, {}, {}, {}, {}, {}, {}, {}, {}, {}, {}, {}, {}, {}, {}, {}, {}, {}, {}, {}, {}, {}, {}, {}, {}, {}, {}, {}, {}, {}, {}, {}, {}, {}, {}, {}, {}, {}, {}, {}, {}, {}, {}, {}, {}, {}, {}, {}, {}, {}, {}, {}, {}, {}, {}, {}, {}, {}, {}, {}, {}, {}, {}, {}, {}, {}, {}, {}, {}, {}, {}, {}, {}, {}, {}, {}, {}, {}, {}, {}, {}, {}, {}, {}, {}, {}, {}, {}, {}, {}, {}, {}, {}, {}, {}, {}, {}, {}, {}, {}, {}, {}, {}, {}, {}, {}, {}, {}, {}, {}, {}, {}, {}, {}, {}, {}, {}, {}, {}, {}, {}, {}, {}]",1426666422,1349823615,1503509229,0.0565,2.485,{},{},0.6871,10.44,36090.0,58232.0,,,,26.73,134,317.02,336.178,113.759,Planet,0,0,0,0,0,0,146
soleil,Le Soleil,Sun,False,,0,0,0,0.0,0.0,{},{},1.0,0.0,0.0,695508.0,,,,7.25,0,0.0,0.0,0.0,Star,0,0,0,0,0,0,0
terre,La Terre,Earth,True,[{}],149598023,147095000,152100000,0.0167,0.0,{},{},5.5136,9.8,11190.0,6371.0084,,,,23.4393,288,358.617,85.901,18.272,Planet,0,0,0,0,0,0,1
venus,Vénus,Venus,True,,108208475,107477000,108939000,0.0067,3.39,{},{},5.243,8.87,10360.0,6051.8,,,,177.36,737,50.115,54.78,76.785,Planet,0,0,0,0,0,0,0
kerberos,Kerberos,Kerberos,False,,57783,0,0,0.003,0.389,{},,1.0,0.0,0.0,25.0,{},Télescope spatial Hubble - Pluto Companion Search Team,20/07/2011,0.0,0,0.0,0.0,0.0,Moon,0,0,0,0,0,0,0
s2011j1,S/2011 J 1,S/2011 J 1,False,,20155290,0,0,0.296,162.8,,,1.0,0.0,0.0,0.5,{},Scott S. Sheppard,29/01/2012,0.0,0,0.0,0.0,0.0,Moon,0,0,0,0,0,0,0
s2011j2,S/2011 J 2,S/2011 J 2,False,,23463885,0,0,0.332,148.8,,,1.0,0.0,0.0,0.5,{},Scott S. Sheppard,29/01/2012,0.0,0,0.0,0.0,0.0,Moon,0,0,0,0,0,0,0
styx,Styx,Styx,False,,42656,0,0,0.005,0.809,{},,1.0,0.0,0.0,20.0,{},Télescope spatial Hubble - Pluto Companion Search Team - Mark Showalter,11/07/2012,0.0,0,0.0,0.0,0.0,Moon,0,0,0,0,0,0,0
hippocampe,Hippocampe,Hippocamp,False,,105300,0,0,0.0,0.0,{},,1.0,0.0,0.0,17.0,{},Mark Showalter,01/07/2013,0.0,0,0.0,0.0,0.0,Moon,0,0,0,0,0,0,0
mk2,S/2015 (136472) 1,S/2015 (136472) 1,False,,21000,21100,300000,0.0,0.0,,,1.0,0.0,0.0,75.0,{},"Alex H. Parker, Marc W. Buie, M. Grundy, Keith S. Noll",26/04/2016,0.0,0,0.0,0.0,0.0,Moon,0,0,0,0,0,0,0
s2017j1,S/2017 J 1,S/2017 J 1,False,,23547105,0,0,0.397,149.2,,,1.0,0.0,0.0,2.0,{},Scott Sheppard,06/06/2017,0.0,0,0.0,0.0,0.0,Moon,0,0,0,0,0,0,0
s2016j1,S/2016 J 1,S/2016 J 1,False,,20650845,0,0,0.141,139.8,,,1.0,0.0,0.0,0.5,{},Scott Sheppard,06/06/2017,0.0,0,0.0,0.0,0.0,Moon,0,0,0,0,0,0,0
valetudo,Valétudo,Valetudo,False,,18928000,0,0,0.222,34.0,,,1.0,0.0,0.0,0.5,{},Scott Sheppard,17/07/2018,0.0,0,0.0,0.0,0.0,Moon,0,0,0,0,0,0,0
s2017j2,S/2017 J 2,S/2017 J 2,False,,23303000,0,0,0.236,166.4,,,1.0,0.0,0.0,1.0,{},Scott Sheppard,17/07/2018,0.0,0,0.0,0.0,0.0,Moon,0,0,0,0,0,0,0
s2017j3,S/2017 J 3,S/2017 J 3,False,,20639000,0,0,0.148,147.9,,,1.0,0.0,0.0,1.0,{},Scott Sheppard,17/07/2018,0.0,0,0.0,0.0,0.0,Moon,0,0,0,0,0,0,0
pandia,Pandia,Pandia,False,,11495000,0,0,0.18,28.2,,,1.0,0.0,0.0,1.5,{},Scott Sheppard,17/07/2018,0.0,0,0.0,0.0,0.0,Moon,0,0,0,0,0,0,0
s2017j5,S/2017 J 5,S/2017 J 5,False,,23169000,0,0,0.284,164.3,,,1.0,0.0,0.0,1.0,{},Scott Sheppard,17/07/2018,0.0,0,0.0,0.0,0.0,Moon,0,0,0,0,0,0,0
s2017j6,S/2017 J 6,S/2017 J 6,False,,22395000,0,0,0.557,155.2,,,1.0,0.0,0.0,1.0,{},Scott Sheppard,17/07/2018,0.0,0,0.0,0.0,0.0,Moon,0,0,0,0,0,0,0
s2017j7,S/2017 J 7,S/2017 J 7,False,,20571000,0,0,0.215,143.4,,,1.0,0.0,0.0,1.0,{},Scott Sheppard,17/07/2018,0.0,0,0.0,0.0,0.0,Moon,0,0,0,0,0,0,0
s2017j8,S/2017 J 8,S/2017 J 8,False,,23174000,0,0,0.312,164.7,,,1.0,0.0,0.0,0.5,{},Scott Sheppard,17/07/2018,0.0,0,0.0,0.0,0.0,Moon,0,0,0,0,0,0,0
s2017j9,S/2017 J 9,S/2017 J 9,False,,21430000,0,0,0.229,152.7,,,1.0,0.0,0.0,1.5,{},Scott Sheppard,17/07/2018,0.0,0,0.0,0.0,0.0,Moon,0,0,0,0,0,0,0
ersa,Ersa,Ersa,False,,11453000,0,0,0.094,30.6,,,1.0,0.0,0.0,1.5,{},Scott Sheppard,17/07/2018,0.0,0,0.0,0.0,0.0,Moon,0,0,0,0,0,0,0
arrokoth,(486958) Arrokoth,Arrokoth,False,,6633400000,6387800000,6879000000,0.0461,2.4533,,,1.0,0.0,0.0,0.0,,Télescope spatial Hubble,26/06/2014,0.0,0,0.0,0.0,0.0,Asteroid,0,0,0,0,0,0,0
benou,(101955) Bénou,101955 Bennu,False,,168400000,134200000,202900000,0.204,6.035,,,1.0,0.0,0.0,250.0,,LINEAR,11/09/1999,0.0,0,0.0,0.0,0.0,Asteroid,0,0,0,0,0,0,0
angrboda,Angrboda,Angrboda,False,,20379900,0,0,0.257,177.4,,,0.0,0.0,0.0,1.5,{},"S. Sheppard, D. Jewitt, J. Kleyna",2004,0.0,0,0.0,0.0,0.0,Moon,0,0,0,0,0,0,0
s2004s21,S/2004 S 21,S/2004 S 21,False,,23810400,0,0,0.312,154.6,,,0.0,0.0,0.0,1.5,{},"S. Sheppard, D. Jewitt, J. Kleyna",2004,0.0,0,0.0,0.0,0.0,Moon,0,0,0,0,0,0,0
gridr,Gridr,Gridr,False,,19211000,0,0,0.204,163.1,,,0.0,0.0,0.0,2.0,{},"S. Sheppard, D. Jewitt, J. Kleyna",2004,0.0,0,0.0,0.0,0.0,Moon,0,0,0,0,0,0,0
skrymir,Skrymir,Skrymir,False,,21427000,0,0,0.399,177.7,,,0.0,0.0,0.0,2.0,{},"S. Sheppard, D. Jewitt, J. Kleyna",2004,0.0,0,0.0,0.0,0.0,Moon,0,0,0,0,0,0,0
s2004s24,S/2004 S 24,S/2004 S 24,False,,23231300,0,0,0.049,36.78,,,0.0,0.0,0.0,1.5,{},"S. Sheppard, D. Jewitt, J. Kleyna",2004,0.0,0,0.0,0.0,0.0,Moon,0,0,0,0,0,0,0
gerd,Gerd,Gerd,False,,20544500,0,0,0.457,173.3,,,0.0,0.0,0.0,1.5,{},"S. Sheppard, D. Jewitt, J. Kleyna",2004,0.0,0,0.0,0.0,0.0,Moon,0,0,0,0,0,0,0
s2004s26,S/2004 S 26,S/2004 S 26,False,,26737800,0,0,0.148,171.3,,,0.0,0.0,0.0,2.0,{},"S. Sheppard, D. Jewitt, J. Kleyna",2004,0.0,0,0.0,0.0,0.0,Moon,0,0,0,0,0,0,0
eggther,Eggther,Eggther,False,,19776700,0,0,0.12,167.1,,,0.0,0.0,0.0,2.0,{},"S. Sheppard, D. Jewitt, J. Kleyna",2004,0.0,0,0.0,0.0,0.0,Moon,0,0,0,0,0,0,0
s2004s28,S/2004 S 28,S/2004 S 28,False,,21791300,0,0,0.133,171.0,,,0.0,0.0,0.0,2.0,{},"S. Sheppard, D. Jewitt, J. Kleyna",2004,0.0,0,0.0,0.0,0.0,Moon,0,0,0,0,0,0,0
s2004s29,S/2004 S 29,S/2004 S 29,False,,17470700,0,0,0.472,44.43,,,0.0,0.0,0.0,2.0,{},"S. Sheppard, D. Jewitt, J. Kleyna",2004,0.0,0,0.0,0.0,0.0,Moon,0,0,0,0,0,0,0
beli,Beli,Beli,False,,20424000,0,0,0.113,156.3,,,0.0,0.0,0.0,1.5,{},"S. Sheppard, D. Jewitt, J. Kleyna",2004,0.0,0,0.0,0.0,0.0,Moon,0,0,0,0,0,0,0
s2004s31,S/2004 S 31,S/2004 S 31,False,,17402800,0,0,0.242,48.11,,,0.0,0.0,0.0,2.0,{},"S. Sheppard, D. Jewitt, J. Kleyna",2004,0.0,0,0.0,0.0,0.0,Moon,0,0,0,0,0,0,0
gunnlod,Gunnlod,Gunnlod,False,,21564200,0,0,0.262,158.5,,,0.0,0.0,0.0,2.0,{},"S. Sheppard, D. Jewitt, J. Kleyna",2004,0.0,0,0.0,0.0,0.0,Moon,0,0,0,0,0,0,0
thiazzi,Thiazzi,Thiazzi,False,,23764800,0,0,0.417,161.5,,,0.0,0.0,0.0,2.0,{},"S. Sheppard, D. Jewitt, J. Kleyna",2004,0.0,0,0.0,0.0,0.0,Moon,0,0,0,0,0,0,0
s2004s34,S/2004 S 34,S/2004 S 34,False,,24358900,0,0,0.267,165.7,,,0.0,0.0,0.0,1.5,{},"S. Sheppard, D. Jewitt, J. Kleyna",2004,0.0,0,0.0,0.0,0.0,Moon,0,0,0,0,0,0,0
alvaldi,Alvaldi,Alvaldi,False,,21953200,0,0,0.182,176.4,,,0.0,0.0,0.0,2.0,{},"S. Sheppard, D. Jewitt, J. Kleyna",2004,0.0,0,0.0,0.0,0.0,Moon,0,0,0,0,0,0,0
s2004s36,S/2004 S 36,S/2004 S 36,False,,23698700,0,0,0.667,147.6,,,0.0,0.0,0.0,1.5,{},"S. Sheppard, D. Jewitt, J. Kleyna",2004,0.0,0,0.0,0.0,0.0,Moon,0,0,0,0,0,0,0
s2004s37,S/2004 S 37,S/2004 S 37,False,,16003300,0,0,0.506,164.0,,,0.0,0.0,0.0,2.0,{},"S. Sheppard, D. Jewitt, J. Kleyna",2004,0.0,0,0.0,0.0,0.0,Moon,0,0,0,0,0,0,0
geirrod,Geirrod,Geirrod,False,,23006200,0,0,0.381,155.0,,,0.0,0.0,0.0,2.0,{},"S. Sheppard, D. Jewitt, J. Kleyna",2004,0.0,0,0.0,0.0,0.0,Moon,0,0,0,0,0,0,0
s2004s39,S/2004 S 39,S/2004 S 39,False,,22790400,0,0,0.081,167.6,,,0.0,0.0,0.0,1.0,{},"S. Sheppard, D. Jewitt, J. Kleyna",2004,0.0,0,0.0,0.0,0.0,Moon,0,0,0,0,0,0,0
c2020f3-neowise,C/2020 F3 (NEOWISE),C/2020 F3 (NEOWISE),False,,40690620830,0,0,0.99921,128.93,,,0.0,0.0,0.0,0.0,,Wide-Field Infrared Survey Explorer,27/03/2020,0.0,0,0.0,0.0,0.0,Comet,0,0,0,0,0,0,0
s2004s41,S/2004 S 41,S/2004 S 41,False,,18095000,0,0,0.3,165.7,,,0.0,0.0,0.0,2.0,{},"S.S. Sheppard, D.C. Jewitt, J. Kleyna, E.J. Ashton, B.J. Gladman, J.-M. Petit, M. Alexandersen",2004,0.0,0,0.0,0.0,0.0,Moon,0,0,0,0,0,0,0
s2003j24,S/2003 J 24,S/2003 J 24,False,,23088000,0,0,0.25,0.0,,,0.0,0.0,0.0,0.0,{},Scott S. Sheppard,05/02/2003,0.0,0,0.0,0.0,0.0,Moon,0,0,0,0,0,0,0
s2004s40,S/2004 S 40,S/2004 S 40,False,,16075600,0,0,0.297,169.2,,,0.0,0.0,0.0,1.0,{},"S.S. Sheppard, D.C. Jewitt, J. Kleyna",2004,0.0,0,0.0,0.0,0.0,Moon,0,0,0,0,0,0,0
s2004s42,S/2004 S 42,S/2004 S 42,False,,18240800,0,0,0.158,165.7,,,0.0,0.0,0.0,2.0,{},"S.S. Sheppard, D.C. Jewitt, J. Kleyna, E.J. Ashton, B.J. Gladman, J.-M. Petit, M. Alexandersen",2004,0.0,0,0.0,0.0,0.0,Moon,0,0,0,0,0,0,0
s2004s43,S/2004 S 43,S/2004 S 43,False,,18935000,0,0,0.432,171.1,,,0.0,0.0,0.0,2.0,{},"S.S. Sheppard, D.C. Jewitt, J. Kleyna, E.J. Ashton, B.J. Gladman, J.-M. Petit, M. Alexandersen",2004,0.0,0,0.0,0.0,0.0,Moon,0,0,0,0,0,0,0
s2004s44,S/2004 S 44,S/2004 S 44,False,,19515400,0,0,0.129,167.7,,,0.0,0.0,0.0,2.5,{},"S.S. Sheppard, D.C. Jewitt, J. Kleyna, E.J. Ashton, B.J. Gladman",2004,0.0,0,0.0,0.0,0.0,Moon,0,0,0,0,0,0,0
s2004s45,S/2004 S 45,S/2004 S 45,False,,19693600,0,0,0.551,154.0,,,0.0,0.0,0.0,2.0,{},"D.C. Jewitt, S.S. Sheppard, J. Kleyna, E.J. Ashton, B.J. Gladman, J.-M. Petit, M. Alexandersen",2004,0.0,0,0.0,0.0,0.0,Moon,0,0,0,0,0,0,0
s2004s46,S/2004 S 46,S/2004 S 46,False,,20513000,0,0,0.249,177.2,,,0.0,0.0,0.0,1.5,{},"S.S. Sheppard, D.C. Jewitt, E.J. Ashton, B.J. Gladman, J.-M. Petit, M. Alexandersen",2004,0.0,0,0.0,0.0,0.0,Moon,0,0,0,0,0,0,0
s2004s47,S/2004 S 47,S/2004 S 47,False,,16050600,0,0,0.291,160.9,,,0.0,0.0,0.0,2.0,{},"S.S. Sheppard, D.C. Jewitt, J. Kleyna, E.J. Ashton, B.J. Gladman, J.-M. Petit, M. Alexandersen",2004,0.0,0,0.0,0.0,0.0,Moon,0,0,0,0,0,0,0
s2004s48,S/2004 S 48,S/2004 S 48,False,,22136700,0,0,0.374,161.9,,,0.0,0.0,0.0,2.0,{},"D.C. Jewitt, S.S. Sheppard, E.J. Ashton, B.J. Gladman, J.-M. Petit, M. Alexandersen",2004,0.0,0,0.0,0.0,0.0,Moon,0,0,0,0,0,0,0
s2004s49,S/2004 S 49,S/2004 S 49,False,,22399700,0,0,0.453,159.7,,,0.0,0.0,0.0,2.0,{},"S.S. Sheppard, D.C. Jewitt, J. Kleyna, E.J. Ashton, B.J. Gladman, J.-M. Petit, M. Alexandersen",2004,0.0,0,0.0,0.0,0.0,Moon,0,0,0,0,0,0,0
s2004s50,S/2004 S 50,S/2004 S 50,False,,22346000,0,0,0.45,164.0,,,0.0,0.0,0.0,1.5,{},"S.S. Sheppard, D.C. Jewitt, E.J. Ashton, B.J. Gladman, J.-M. Petit, M. Alexandersen",2004,0.0,0,0.0,0.0,0.0,Moon,0,0,0,0,0,0,0
s2004s51,S/2004 S 51,S/2004 S 51,False,,25208200,0,0,0.201,171.2,,,0.0,0.0,0.0,2.0,{},"S.S. Sheppard, D.C. Jewitt, J. Kleyna, E.J. Ashton, B.J. Gladman, J.-M. Petit, M. Alexandersen",2004,0.0,0,0.0,0.0,0.0,Moon,0,0,0,0,0,0,0
s2004s52,S/2004 S 52,S/2004 S 52,False,,26448100,0,0,0.292,165.3,,,0.0,0.0,0.0,1.5,{},"D.C. Jewitt, S.S. Sheppard, E.J. Ashton, B.J. Gladman, J.-M. Petit, M. Alexandersen",2004,0.0,0,0.0,0.0,0.0,Moon,0,0,0,0,0,0,0
s2004s53,S/2004 S 53,S/2004 S 53,False,,23279800,0,0,0.24,162.6,,,0.0,0.0,0.0,2.0,{},"S.S. Sheppard, D.C. Jewitt, J. Kleyna, E.J. Ashton, B.J. Gladman, J.-M. Petit, M. Alexandersen",2004,0.0,0,0.0,0.0,0.0,Moon,0,0,0,0,0,0,0
s2005s4,S/2005 S 4,S/2005 S 4,False,,11324500,0,0,0.315,48.0,,,0.0,0.0,0.0,2.5,{},"S.S. Sheppard, D.C. Jewitt, J. Kleyna, E.J. Ashton, B.J. Gladman, J.-M. Petit, M. Alexandersen",2005,0.0,0,0.0,0.0,0.0,Moon,0,0,0,0,0,0,0
s2005s5,S/2005 S 5,S/2005 S 5,False,,21366200,0,0,0.588,169.5,,,0.0,0.0,0.0,1.5,{},"S.S. Sheppard, D.C. Jewitt, J. Kleyna, E.J. Ashton, B.J. Gladman, J.-M. Petit, M. Alexandersen",2005,0.0,0,0.0,0.0,0.0,Moon,0,0,0,0,0,0,0
s2006s10,S/2006 S 10,S/2006 S 10,False,,18979900,0,0,0.151,161.6,,,0.0,0.0,0.0,1.5,{},"S.S. Sheppard, D.C. Jewitt, J. Kleyna, E.J. Ashton, B.J. Gladman, J.-M. Petit, M. Alexandersen",2006,0.0,0,0.0,0.0,0.0,Moon,0,0,0,0,0,0,0
s2006s11,S/2006 S 11,S/2006 S 11,False,,19711900,0,0,0.144,174.1,,,0.0,0.0,0.0,1.5,{},"S.S. Sheppard, D.C. Jewitt, J. Kleyna, E.J. Ashton, B.J. Gladman, J.-M. Petit, M. Alexandersen",2006,0.0,0,0.0,0.0,0.0,Moon,0,0,0,0,0,0,0
s2006s12,S/2006 S 12,S/2006 S 12,False,,19569800,0,0,0.542,38.6,,,0.0,0.0,0.0,2.0,{},"S.S. Sheppard, D.C. Jewitt, J. Kleyna, E.J. Ashton, B.J. Gladman, J.-M. Petit, M. Alexandersen",2006,0.0,0,0.0,0.0,0.0,Moon,0,0,0,0,0,0,0
s2006s13,S/2006 S 13,S/2006 S 13,False,,19953800,0,0,0.313,162.0,,,0.0,0.0,0.0,2.0,{},"S.S. Sheppard, D.C. Jewitt, J. Kleyna, E.J. Ashton, B.J. Gladman, J.-M. Petit, M. Alexandersen",2006,0.0,0,0.0,0.0,0.0,Moon,0,0,0,0,0,0,0
s2006s14,S/2006 S 14,S/2006 S 14,False,,21062100,0,0,0.06,166.7,,,0.0,0.0,0.0,1.5,{},"S.S. Sheppard, D.C. Jewitt, J. Kleyna, E.J. Ashton, B.J. Gladman, J.-M. Petit, M. Alexandersen",2006,0.0,0,0.0,0.0,0.0,Moon,0,0,0,0,0,0,0
s2006s15,S/2006 S 15,S/2006 S 15,False,,21799400,0,0,0.117,161.1,,,0.0,0.0,0.0,2.0,{},"S.S. Sheppard, D.C. Jewitt, J. Kleyna, E.J. Ashton, B.J. Gladman",2006,0.0,0,0.0,0.0,0.0,Moon,0,0,0,0,0,0,0
s2006s16,S/2006 S 16,S/2006 S 16,False,,21720700,0,0,0.204,164.1,,,0.0,0.0,0.0,1.5,{},"S.S. Sheppard, D.C. Jewitt, J. Kleyna, E.J. Ashton, B.J. Gladman, J.-M. Petit, M. Alexandersen",2006,0.0,0,0.0,0.0,0.0,Moon,0,0,0,0,0,0,0
s2006s17,S/2006 S 17,S/2006 S 17,False,,22384900,0,0,0.425,168.7,,,0.0,0.0,0.0,2.0,{},"S.S. Sheppard, D.C. Jewitt, J. Kleyna, E.J. Ashton, B.J. Gladman",2006,0.0,0,0.0,0.0,0.0,Moon,0,0,0,0,0,0,0
s2006s18,S/2006 S 18,S/2006 S 18,False,,22760700,0,0,0.131,169.5,,,0.0,0.0,0.0,2.0,{},"S.S. Sheppard, D.C. Jewitt, J. Kleyna, E.J. Ashton, B.J. Gladman, J.-M. Petit, M. Alexandersen",2006,0.0,0,0.0,0.0,0.0,Moon,0,0,0,0,0,0,0
s2006s19,S/2006 S 19,S/2006 S 19,False,,23801100,0,0,0.467,175.5,,,0.0,0.0,0.0,2.0,{},"S.S. Sheppard, D.C. Jewitt, J. Kleyna, E.J. Ashton, B.J. Gladman, J.-M. Petit, M. Alexandersen",2006,0.0,0,0.0,0.0,0.0,Moon,0,0,0,0,0,0,0
s2006s20,S/2006 S 20,S/2006 S 20,False,,13193800,0,0,0.206,173.1,,,0.0,0.0,0.0,2.5,{},"S.S. Sheppard, D.C. Jewitt, J. Kleyna, E.J. Ashton, B.J. Gladman, J.-M. Petit, M. Alexandersen",2006,0.0,0,0.0,0.0,0.0,Moon,0,0,0,0,0,0,0
s2007s5,S/2007 S 5,S/2007 S 5,False,,15835700,0,0,0.104,158.4,,,0.0,0.0,0.0,2.0,{},"S.S. Sheppard, D.C. Jewitt, J. Kleyna, E.J. Ashton, B.J. Gladman, J.-M. Petit, M. Alexandersen",2007,0.0,0,0.0,0.0,0.0,Moon,0,0,0,0,0,0,0
s2007s6,S/2007 S 6,S/2007 S 6,False,,18544900,0,0,0.169,166.5,,,0.0,0.0,0.0,1.5,{},"S.S. Sheppard, D.C. Jewitt, J. Kleyna, E.J. Ashton, B.J. Gladman, J.-M. Petit, M. Alexandersen",2007,0.0,0,0.0,0.0,0.0,Moon,0,0,0,0,0,0,0
s2007s7,S/2007 S 7,S/2007 S 7,False,,15931700,0,0,0.217,169.2,,,0.0,0.0,0.0,2.0,{},"S.S. Sheppard, D.C. Jewitt, J. Kleyna",2007,0.0,0,0.0,0.0,0.0,Moon,0,0,0,0,0,0,0
s2007s8,S/2007 S 8,S/2007 S 8,False,,17049000,0,0,0.49,36.2,,,0.0,0.0,0.0,2.0,{},"S.S. Sheppard, D.C. Jewitt, J. Kleyna, E.J. Ashton, B.J. Gladman, J.-M. Petit, M. Alexandersen",2007,0.0,0,0.0,0.0,0.0,Moon,0,0,0,0,0,0,0
s2007s9,S/2007 S 9,S/2007 S 9,False,,20174600,0,0,0.36,159.3,,,0.0,0.0,0.0,2.0,{},"S.S. Sheppard, D.C. Jewitt, J. Kleyna, E.J. Ashton, B.J. Gladman",2007,0.0,0,0.0,0.0,0.0,Moon,0,0,0,0,0,0,0
s2019s1,S/2019 S 1,S/2019 S 1,False,,11245400,0,0,0.384,49.5,,,0.0,0.0,0.0,3.0,{},"E.J. Ashton, B.J. Gladman, J.-M. Petit, C. Veillet, M. Alexandersen",2019,0.0,0,0.0,0.0,0.0,Moon,0,0,0,0,0,0,0
s2019s10,S/2019 S 10,S/2019 S 10,False,,20713400,0,0,0.249,163.9,,,0.0,0.0,0.0,1.5,{},"E.J. Ashton, B.J. Gladman, J.-M. Petit, M. Alexandersen",2019,0.0,0,0.0,0.0,0.0,Moon,0,0,0,0,0,0,0
s2019s11,S/2019 S 11,S/2019 S 11,False,,20663700,0,0,0.513,144.6,,,0.0,0.0,0.0,2.0,{},"S.S. Sheppard, D.C. Jewitt, E.J. Ashton, B.J. Gladman, J.-M. Petit, M. Alexandersen",2019,0.0,0,0.0,0.0,0.0,Moon,0,0,0,0,0,0,0
s2019s12,S/2019 S 12,S/2019 S 12,False,,20904500,0,0,0.476,167.1,,,0.0,0.0,0.0,2.0,{},"E.J. Ashton, B.J. Gladman",2019,0.0,0,0.0,0.0,0.0,Moon,0,0,0,0,0,0,0
s2019s13,S/2019 S 13,S/2019 S 13,False,,20965800,0,0,0.318,177.3,,,0.0,0.0,0.0,1.5,{},"E.J. Ashton, B.J. Gladman, J.-M. Petit, M. Alexandersen",2019,0.0,0,0.0,0.0,0.0,Moon,0,0,0,0,0,0,0
s2019s14,S/2019 S 14,S/2019 S 14,False,,17853000,0,0,0.172,46.2,,,0.0,0.0,0.0,2.0,{},"E.J. Ashton, B.J. Gladman",2019,0.0,0,0.0,0.0,0.0,Moon,0,0,0,0,0,0,0
s2019s15,S/2019 S 15,S/2019 S 15,False,,21189700,0,0,0.257,157.7,,,0.0,0.0,0.0,1.5,{},"E.J. Ashton, B.J. Gladman, J.-M. Petit, M. Alexandersen",2019,0.0,0,0.0,0.0,0.0,Moon,0,0,0,0,0,0,0
s2019s16,S/2019 S 16,S/2019 S 16,False,,23266700,0,0,0.25,162.0,,,0.0,0.0,0.0,1.5,{},"E.J. Ashton, B.J. Gladman, J.-M. Petit, M. Alexandersen",2019,0.0,0,0.0,0.0,0.0,Moon,0,0,0,0,0,0,0
s2019s17,S/2019 S 17,S/2019 S 17,False,,22724100,0,0,0.546,155.5,,,0.0,0.0,0.0,2.0,{},"S.S. Sheppard, , D.C. Jewitt, E.J. Ashton, B.J. Gladman, J.-M. Petit, M. Alexandersen",2019,0.0,0,0.0,0.0,0.0,Moon,0,0,0,0,0,0,0
s2019s18,S/2019 S 18,S/2019 S 18,False,,23140700,0,0,0.509,154.6,,,0.0,0.0,0.0,1.5,{},"S.S. Sheppard, D.C. Jewitt, E.J. Ashton, B.J. Gladman, J.-M. Petit, M. Alexandersen",2019,0.0,0,0.0,0.0,0.0,Moon,0,0,0,0,0,0,0
s2019s19,S/2019 S 19,S/2019 S 19,False,,23047200,0,0,0.458,151.8,,,0.0,0.0,0.0,1.5,{},"E.J. Ashton, B.J. Gladman",2019,0.0,0,0.0,0.0,0.0,Moon,0,0,0,0,0,0,0
s2019s2,S/2019 S 2,S/2019 S 2,False,,16559900,0,0,0.279,173.3,,,0.0,0.0,0.0,3.0,{},"E.J. Ashton, B.J. Gladman, J.-M. Petit, M. Alexandersen",2019,0.0,0,0.0,0.0,0.0,Moon,0,0,0,0,0,0,0
s2019s20,S/2019 S 20,S/2019 S 20,False,,23678600,0,0,0.354,156.1,,,0.0,0.0,0.0,3.0,{},"E.J. Ashton, B.J. Gladman, J.-M. Petit, M. Alexandersen",2019,0.0,0,0.0,0.0,0.0,Moon,0,0,0,0,0,0,0
s2019s21,S/2019 S 21,S/2019 S 21,False,,26439000,0,0,0.155,171.9,,,0.0,0.0,0.0,2.0,{},"S.S. Sheppard, D.C. Jewitt, J. Kleyna, E.J. Ashton, B.J. Gladman, J.-M. Petit, M. Alexandersen",2019,0.0,0,0.0,0.0,0.0,Moon,0,0,0,0,0,0,0
s2019s3,S/2019 S 3,S/2019 S 3,False,,17077200,0,0,0.249,166.9,,,0.0,0.0,0.0,2.0,{},"E.J. Ashton, B.J. Gladman, J.-M. Petit, M. Alexandersen",2019,0.0,0,0.0,0.0,0.0,Moon,0,0,0,0,0,0,0
s2019s4,S/2019 S 4,S/2019 S 4,False,,17956700,0,0,0.409,170.1,,,0.0,0.0,0.0,1.5,{},"E.J. Ashton, B.J. Gladman",2019,0.0,0,0.0,0.0,0.0,Moon,0,0,0,0,0,0,0
s2019s5,S/2019 S 5,S/2019 S 5,False,,19076900,0,0,0.215,158.8,,,0.0,0.0,0.0,1.5,{},"E.J. Ashton, B.J. Gladman",2019,0.0,0,0.0,0.0,0.0,Moon,0,0,0,0,0,0,0
s2019s6,S/2019 S 6,S/2019 S 6,False,,18198700,0,0,0.084,48.1,,,0.0,0.0,0.0,2.0,{},"E.J. Ashton, B.J. Gladman",2019,0.0,0,0.0,0.0,0.0,Moon,0,0,0,0,0,0,0
s2019s7,S/2019 S 7,S/2019 S 7,False,,20181300,0,0,0.232,174.2,,,0.0,0.0,0.0,2.0,{},"E.J. Ashton, B.J. Gladman",2019,0.0,0,0.0,0.0,0.0,Moon,0,0,0,0,0,0,0
s2019s8,S/2019 S 8,S/2019 S 8,False,,20284400,0,0,0.311,172.8,,,0.0,0.0,0.0,2.0,{},"E.J. Ashton, B.J. Gladman, J.-M. Petit, M. Alexandersen",2019,0.0,0,0.0,0.0,0.0,Moon,0,0,0,0,0,0,0
s2019s9,S/2019 S 9,S/2019 S 9,False,,20359000,0,0,0.433,159.5,,,0.0,0.0,0.0,2.0,{},"S.S. Sheppard, D.C. Jewitt, E.J. Ashton, B.J. Gladman",2019,0.0,0,0.0,0.0,0.0,Moon,0,0,0,0,0,0,0
s2020s1,S/2020 S 1,S/2020 S 1,False,,11338700,0,0,0.337,48.2,,,0.0,0.0,0.0,2.0,{},"S.S. Sheppard, D.C. Jewitt, J. Kleyna, E.J. Ashton, B.J. Gladman, J.-M. Petit, M. Alexandersen",2020,0.0,0,0.0,0.0,0.0,Moon,0,0,0,0,0,0,0
s2020s10,S/2020 S 10,S/2020 S 10,False,,25314800,0,0,0.295,165.6,,,0.0,0.0,0.0,1.5,{},"E.J. Ashton, B.J. Gladman, J.-M. Petit, M. Alexandersen",2020,0.0,0,0.0,0.0,0.0,Moon,0,0,0,0,0,0,0
s2020s2,S/2020 S 2,S/2020 S 2,False,,17869300,0,0,0.152,170.7,,,0.0,0.0,0.0,1.5,{},"E.J. Ashton, B.J. Gladman, J.-M. Petit, M. Alexandersen",2020,0.0,0,0.0,0.0,0.0,Moon,0,0,0,0,0,0,0
s2020s3,S/2020 S 3,S/2020 S 3,False,,18054700,0,0,0.144,46.1,,,0.0,0.0,0.0,1.5,{},"E.J. Ashton, B.J. Gladman, J.-M. Petit, M. Alexandersen",2020,0.0,0,0.0,0.0,0.0,Moon,0,0,0,0,0,0,0
s2020s4,S/2020 S 4,S/2020 S 4,False,,18235500,0,0,0.495,40.1,,,0.0,0.0,0.0,1.5,{},"E.J. Ashton, B.J. Gladman, J.-M. Petit, M. Alexandersen",2020,0.0,0,0.0,0.0,0.0,Moon,0,0,0,0,0,0,0
s2020s5,S/2020 S 5,S/2020 S 5,False,,18391300,0,0,0.22,48.2,,,0.0,0.0,0.0,1.5,{},"E.J. Ashton, B.J. Gladman, J.-M. Petit, M. Alexandersen",2020,0.0,0,0.0,0.0,0.0,Moon,0,0,0,0,0,0,0
s2020s6,S/2020 S 6,S/2020 S 6,False,,21265300,0,0,0.481,166.9,,,0.0,0.0,0.0,1.5,{},"E.J. Ashton, B.J. Gladman, J.-M. Petit, M. Alexandersen",2020,0.0,0,0.0,0.0,0.0,Moon,0,0,0,0,0,0,0
s2020s7,S/2020 S 7,S/2020 S 7,False,,17400000,0,0,0.5,161.5,,,0.0,0.0,0.0,1.5,{},"E.J. Ashton, B.J. Gladman, J.-M. Petit, M. Alexandersen",2020,0.0,0,0.0,0.0,0.0,Moon,0,0,0,0,0,0,0
s2020s8,S/2020 S 8,S/2020 S 8,False,,21966700,0,0,0.252,161.8,,,0.0,0.0,0.0,1.5,{},"S.S Sheppard, D.C. Jewitt, J. Kleyna, E.J. Ashton, B.J. Gladman, J.-M. Petit, M. Alexandersen",2020,0.0,0,0.0,0.0,0.0,Moon,0,0,0,0,0,0,0
s2020s9,S/2020 S 9,S/2020 S 9,False,,25434100,0,0,0.531,161.4,,,0.0,0.0,0.0,2.0,{},"E.J. Ashton, B.J. Gladman, J.-M. Petit, M. Alexandersen",2020,0.0,0,0.0,0.0,0.0,Moon,0,0,0,0,0,0,0
s2006s9,S/2006 S 9,S/2006 S 9,False,,14406600,0,0,0.248,173.0,,,0.0,0.0,0.0,3.0,{},S.S. Sheppard,2006,0.0,0,0.0,0.0,0.0,Moon,0,0,0,0,0,0,0
s2011j3,S/2011 J 3,S/2011 J 3,False,,11716800,0,0,0.192,27.6,,,0.0,0.0,0.0,1.5,{},Scott S. Sheppard,2011,0.0,0,0.0,0.0,0.0,Moon,0,0,0,0,0,0,0
s2016j3,S/2016 J 3,S/2016 J 3,False,,22719300,0,0,0.251,164.6,,,0.0,0.0,0.0,1.0,{},Scott S. Sheppard,2016,0.0,0,0.0,0.0,0.0,Moon,0,0,0,0,0,0,0
s2016j4,S/2016 J 4,S/2016 J 4,False,,23113800,0,0,0.294,147.1,,,0.0,0.0,0.0,1.0,{},Scott S. Sheppard,2016,0.0,0,0.0,0.0,0.0,Moon,0,0,0,0,0,0,0
s2018j2,S/2018 J 2,S/2018 J 2,False,,11419700,0,0,0.152,28.3,,,0.0,0.0,0.0,1.5,{},Scott S. Sheppard,2018,0.0,0,0.0,0.0,0.0,Moon,0,0,0,0,0,0,0
s2018j3,S/2018 J 3,S/2018 J 3,False,,23400300,0,0,0.268,164.9,,,0.0,0.0,0.0,1.0,{},Scott S. Sheppard,2018,0.0,0,0.0,0.0,0.0,Moon,0,0,0,0,0,0,0
s2018j4,S/2018 J 4,S/2018 J 4,False,,16328500,0,0,0.177,50.2,,,0.0,0.0,0.0,1.0,{},Scott S. Sheppard,2018,0.0,0,0.0,0.0,0.0,Moon,0,0,0,0,0,0,0
s2021j1,S/2021 J 1,S/2021 J 1,False,,20954700,0,0,0.228,150.5,,,0.0,0.0,0.0,1.0,{},Scott S. Sheppard,2021,0.0,0,0.0,0.0,0.0,Moon,0,0,0,0,0,0,0
s2021j2,S/2021 J 2,S/2021 J 2,False,,20926600,0,0,0.242,148.1,,,0.0,0.0,0.0,1.0,{},Scott S. Sheppard,2021,0.0,0,0.0,0.0,0.0,Moon,0,0,0,0,0,0,0
s2021j3,S/2021 J 3,S/2021 J 3,False,,20776700,0,0,0.239,147.9,,,0.0,0.0,0.0,2.0,{},Scott S. Sheppard,2021,0.0,0,0.0,0.0,0.0,Moon,0,0,0,0,0,0,0
s2021j4,S/2021 J 4,S/2021 J 4,False,,23019700,0,0,0.265,164.6,,,0.0,0.0,0.0,1.0,{},Scott S. Sheppard,2021,0.0,0,0.0,0.0,0.0,Moon,0,0,0,0,0,0,0
s2021j5,S/2021 J 5,S/2021 J 5,False,,23414600,0,0,0.272,164.9,,,0.0,0.0,0.0,1.0,{},Scott S. Sheppard,2021,0.0,0,0.0,0.0,0.0,Moon,0,0,0,0,0,0,0
s2021j6,S/2021 J 6,S/2021 J 6,False,,22870300,0,0,0.271,164.9,,,0.0,0.0,0.0,1.0,{},Scott S. Sheppard,2021,0.0,0,0.0,0.0,0.0,Moon,0,0,0,0,0,0,0
s2022j1,S/2022 J 1,S/2022 J 1,False,,22725200,0,0,0.257,164.5,,,0.0,0.0,0.0,1.0,{},Scott S. Sheppard,2022,0.0,0,0.0,0.0,0.0,Moon,0,0,0,0,0,0,0
s2022j2,S/2022 J 2,S/2022 J 2,False,,23013800,0,0,0.265,164.7,,,0.0,0.0,0.0,1.0,{},Scott S. Sheppard,2022,0.0,0,0.0,0.0,0.0,Moon,0,0,0,0,0,0,0
s2022j3,S/2022 J 3,S/2022 J 3,False,,21047700,0,0,0.249,148.2,,,0.0,0.0,0.0,1.0,{},Scott S. Sheppard,2022,0.0,0,0.0,0.0,0.0,Moon,0,0,0,0,0,0,0
